1,"SELECT post0_.id AS id2_12_, post0_.create_time AS create_t3_12_, post0_.deleted AS deleted4_12_, post0_.update_time AS update_t5_12_, post0_.create_from AS create_f6_12_ 	, post0_.disallow_comment AS disallow7_12_, post0_.edit_time AS edit_tim8_12_, post0_.format_content AS format_c9_12_, post0_.likes AS likes10_12_, post0_.original_content AS origina11_12_ 	, post0_.password AS passwor12_12_, post0_.status AS status13_12_, post0_.summary AS summary14_12_, post0_.template AS templat15_12_, post0_.thumbnail AS thumbna16_12_ 	, post0_.title AS title17_12_, post0_.top_priority AS top_pri18_12_, post0_.url AS url19_12_, post0_.visits AS visits20_12_ FROM posts post0_ WHERE post0_.type = %s 	AND post0_.status = %s ORDER BY post0_.top_priority DESC, post0_.create_time DESC LIMIT %s, 1","1,9,15,31,41,50,56,62,428,1222,1228,1234"
2,"SELECT COUNT(post0_.id) AS col_0_0_ FROM posts post0_ WHERE post0_.type = %s 	AND post0_.status = %s","2,10,16,32,42,51,57,63,73,407,429,497,536,559,969,976,983,1003,1012,1021,1223,1229,1235,1608,1614,1621,1628,1640"
3,"SELECT posttag0_.id AS id1_11_, posttag0_.create_time AS create_t2_11_, posttag0_.deleted AS deleted3_11_, posttag0_.update_time AS update_t4_11_, posttag0_.post_id AS post_id5_11_ 	, posttag0_.tag_id AS tag_id6_11_ FROM post_tags posttag0_ WHERE posttag0_.post_id IN (%s)","3,11,17,33,43,52,58,64,74,83,199,218,233,258,498,970,977,984,993,1004,1013,1022,1224,1230,1236,1281,1414,1442,1447,1455,1461,1469,1475,1482,1534,1609,1615,1622,1629,1641,1657,1662"
4,"SELECT postcatego0_.id AS id1_10_, postcatego0_.create_time AS create_t2_10_, postcatego0_.deleted AS deleted3_10_, postcatego0_.update_time AS update_t4_10_, postcatego0_.category_id AS category5_10_ 	, postcatego0_.post_id AS post_id6_10_ FROM post_categories postcatego0_ WHERE postcatego0_.post_id IN (%s)","4,12,18,34,44,53,59,65,76,84,200,219,234,260,500,971,978,985,994,1005,1014,1023,1225,1231,1237,1283,1416,1443,1449,1456,1462,1470,1476,1484,1536,1610,1616,1623,1631,1643,1658,1663"
5,"SELECT COUNT(postcommen0_.id) AS col_0_0_, postcommen0_.post_id AS col_1_0_ FROM comments postcommen0_ WHERE postcommen0_.type = %s 	AND postcommen0_.post_id IN (%s) GROUP BY postcommen0_.post_id","5,13,19,35,45,54,60,66,78,86,201,220,235,262,502,972,979,987,995,1006,1015,1024,1226,1232,1238,1285,1418,1444,1450,1458,1463,1471,1478,1486,1538,1611,1617,1625,1633,1645,1659,1664"
6,"SELECT menu0_.id AS id1_6_, menu0_.create_time AS create_t2_6_, menu0_.deleted AS deleted3_6_, menu0_.update_time AS update_t4_6_, menu0_.icon AS icon5_6_ 	, menu0_.name AS name6_6_, menu0_.parent_id AS parent_i7_6_, menu0_.priority AS priority8_6_, menu0_.target AS target9_6_, menu0_.team AS team10_6_ 	, menu0_.url AS url11_6_ FROM menus menu0_","6,14,20,36,46,55,61,67,89,202,221,236,263,293,304,317,330,343,356,373,430,673,684,711,723,724,736,737,751,766,776,791,796,907,917,918,928,929,961,966,973,974,980,990,996,997,1009,1018,1027,1040,1055,1065,1066,1076,1077,1087,1088,1099,1112,1129,1209,1210,1214,1215,1220,1221,1227,1233,1239,1286,1408,1433,1522,1539,1559,1573,1584,1589,1593,1595,1597,1599,1600,1602,1605,1612,1618,1619,1626,1634,1637,1646,1660,1665,1666,1679,1685,1686,1739,1752"
7,"SELECT sheetcomme0_.id AS id2_2_, sheetcomme0_.create_time AS create_t3_2_, sheetcomme0_.deleted AS deleted4_2_, sheetcomme0_.update_time AS update_t5_2_, sheetcomme0_.author AS author6_2_ 	, sheetcomme0_.author_url AS author_u7_2_, sheetcomme0_.content AS content8_2_, sheetcomme0_.email AS email9_2_, sheetcomme0_.gravatar_md5 AS gravata10_2_, sheetcomme0_.ip_address AS ip_addr11_2_ 	, sheetcomme0_.is_admin AS is_admi12_2_, sheetcomme0_.parent_id AS parent_13_2_, sheetcomme0_.post_id AS post_id14_2_, sheetcomme0_.status AS status15_2_, sheetcomme0_.top_priority AS top_pri16_2_ 	, sheetcomme0_.user_agent AS user_ag17_2_ FROM comments sheetcomme0_ WHERE sheetcomme0_.type = %s 	AND sheetcomme0_.post_id = %s 	AND sheetcomme0_.status = %s 	AND sheetcomme0_.parent_id = %s","7"
8,"SELECT sheetcomme0_.id AS id2_2_, sheetcomme0_.create_time AS create_t3_2_, sheetcomme0_.deleted AS deleted4_2_, sheetcomme0_.update_time AS update_t5_2_, sheetcomme0_.author AS author6_2_ 	, sheetcomme0_.author_url AS author_u7_2_, sheetcomme0_.content AS content8_2_, sheetcomme0_.email AS email9_2_, sheetcomme0_.gravatar_md5 AS gravata10_2_, sheetcomme0_.ip_address AS ip_addr11_2_ 	, sheetcomme0_.is_admin AS is_admi12_2_, sheetcomme0_.parent_id AS parent_13_2_, sheetcomme0_.post_id AS post_id14_2_, sheetcomme0_.status AS status15_2_, sheetcomme0_.top_priority AS top_pri16_2_ 	, sheetcomme0_.user_agent AS user_ag17_2_ FROM comments sheetcomme0_ WHERE sheetcomme0_.type = %s 	AND sheetcomme0_.status = %s 	AND sheetcomme0_.parent_id IN (%s)","8"
9,"SELECT user0_.id AS id1_15_0_, user0_.create_time AS create_t2_15_0_, user0_.deleted AS deleted3_15_0_, user0_.update_time AS update_t4_15_0_, user0_.avatar AS avatar5_15_0_ 	, user0_.description AS descript6_15_0_, user0_.email AS email7_15_0_, user0_.expire_time AS expire_t8_15_0_, user0_.nickname AS nickname9_15_0_, user0_.password AS passwor10_15_0_ 	, user0_.username AS usernam11_15_0_ FROM users user0_ WHERE user0_.id = %s","21,23,25,27,29,37,68,91,97,103,105,120,124,125,129,134,146,149,157,171,173,174,177,178,183,187,188,192,195,212,246,252,273,279,375,378,381,385,386,392,393,401,406,418,424,434,439,456,460,468,471,475,477,481,488,492,504,507,508,512,518,519,570,574,585,600,604,622,634,645,664,768,771,772,775,798,802,805,807,835,842,848,853,859,890,895,896,930,933,936,938,947,949,953,957,999,1029,1101,1103,1107,1116,1117,1133,1139,1143,1204,1240,1246,1247,1250,1253,1255,1256,1257,1261,1267,1269,1273,1298,1300,1302,1304,1306,1308,1309,1312,1314,1316,1327,1329,1333,1334,1335,1336,1337,1342,1344,1346,1348,1354,1362,1366,1368,1372,1378,1381,1383,1386,1387,1389,1391,1392,1394,1397,1399,1435,1437,1440,1445,1451,1453,1459,1464,1466,1472,1479,1487,1496,1502,1519,1575,1576,1667,1672,1687,1693,1697,1699,1702,1705,1708,1720,1724,1758,1760,1762,1767,1768,1769,1774,1778"
10,"SELECT attachment0_.id AS id1_0_, attachment0_.create_time AS create_t2_0_, attachment0_.deleted AS deleted3_0_, attachment0_.update_time AS update_t4_0_, attachment0_.file_key AS file_key5_0_ 	, attachment0_.height AS height6_0_, attachment0_.media_type AS media_ty7_0_, attachment0_.name AS name8_0_, attachment0_.path AS path9_0_, attachment0_.size AS size10_0_ 	, attachment0_.suffix AS suffix11_0_, attachment0_.thumb_path AS thumb_p12_0_, attachment0_.type AS type13_0_, attachment0_.width AS width14_0_ FROM attachments attachment0_ WHERE 1 = 1 ORDER BY attachment0_.update_time DESC LIMIT 12","22"
11,"SELECT attachment0_.id AS id1_0_, attachment0_.create_time AS create_t2_0_, attachment0_.deleted AS deleted3_0_, attachment0_.update_time AS update_t4_0_, attachment0_.file_key AS file_key5_0_ 	, attachment0_.height AS height6_0_, attachment0_.media_type AS media_ty7_0_, attachment0_.name AS name8_0_, attachment0_.path AS path9_0_, attachment0_.size AS size10_0_ 	, attachment0_.suffix AS suffix11_0_, attachment0_.thumb_path AS thumb_p12_0_, attachment0_.type AS type13_0_, attachment0_.width AS width14_0_ FROM attachments attachment0_ WHERE 1 = 1 ORDER BY attachment0_.update_time DESC LIMIT 18","24"
12,"SELECT attachment0_.id AS id1_0_, attachment0_.create_time AS create_t2_0_, attachment0_.deleted AS deleted3_0_, attachment0_.update_time AS update_t4_0_, attachment0_.file_key AS file_key5_0_ 	, attachment0_.height AS height6_0_, attachment0_.media_type AS media_ty7_0_, attachment0_.name AS name8_0_, attachment0_.path AS path9_0_, attachment0_.size AS size10_0_ 	, attachment0_.suffix AS suffix11_0_, attachment0_.thumb_path AS thumb_p12_0_, attachment0_.type AS type13_0_, attachment0_.width AS width14_0_ FROM attachments attachment0_ WHERE attachment0_.name LIKE %s ORDER BY attachment0_.update_time DESC LIMIT 18","26"
13,"SELECT attachment0_.id AS id1_0_, attachment0_.create_time AS create_t2_0_, attachment0_.deleted AS deleted3_0_, attachment0_.update_time AS update_t4_0_, attachment0_.file_key AS file_key5_0_ 	, attachment0_.height AS height6_0_, attachment0_.media_type AS media_ty7_0_, attachment0_.name AS name8_0_, attachment0_.path AS path9_0_, attachment0_.size AS size10_0_ 	, attachment0_.suffix AS suffix11_0_, attachment0_.thumb_path AS thumb_p12_0_, attachment0_.type AS type13_0_, attachment0_.width AS width14_0_ FROM attachments attachment0_ WHERE attachment0_.type = %s 	AND attachment0_.name LIKE %s ORDER BY attachment0_.update_time DESC LIMIT 18","28"
14,"SELECT attachment0_.id AS id1_0_, attachment0_.create_time AS create_t2_0_, attachment0_.deleted AS deleted3_0_, attachment0_.update_time AS update_t4_0_, attachment0_.file_key AS file_key5_0_ 	, attachment0_.height AS height6_0_, attachment0_.media_type AS media_ty7_0_, attachment0_.name AS name8_0_, attachment0_.path AS path9_0_, attachment0_.size AS size10_0_ 	, attachment0_.suffix AS suffix11_0_, attachment0_.thumb_path AS thumb_p12_0_, attachment0_.type AS type13_0_, attachment0_.width AS width14_0_ FROM attachments attachment0_ WHERE attachment0_.media_type = %s 	AND attachment0_.type = %s 	AND attachment0_.name LIKE %s ORDER BY attachment0_.update_time DESC LIMIT 18","30"
15,"SELECT sheet0_.id AS col_0_0_ FROM posts sheet0_ WHERE sheet0_.type = %s 	AND sheet0_.url = %s LIMIT 1","38"
16,"INSERT INTO posts (create_time, deleted, update_time, create_from, disallow_comment 	, edit_time, format_content, likes, original_content, password 	, status, summary, template, thumbnail, title 	, top_priority, url, visits, type) VALUES (%s, %s, %s, %s, %s 	, %s, %s, %s, %s, %s 	, %s, %s, %s, %s, %s 	, %s, %s, %s, %s)","39,538,561,1489,1498,1578"
17,"INSERT INTO logs (create_time, deleted, update_time, content, ip_address 	, log_key, type) VALUES (%s, %s, %s, %s, %s 	, %s, %s)","40,96,102,123,145,156,167,169,191,569,584,599,1340,1341,1358,1382,1384,1385,1388,1390,1495,1501,1581,1695"
18,"SELECT journalcom0_.id AS id2_2_, journalcom0_.create_time AS create_t3_2_, journalcom0_.deleted AS deleted4_2_, journalcom0_.update_time AS update_t5_2_, journalcom0_.author AS author6_2_ 	, journalcom0_.author_url AS author_u7_2_, journalcom0_.content AS content8_2_, journalcom0_.email AS email9_2_, journalcom0_.gravatar_md5 AS gravata10_2_, journalcom0_.ip_address AS ip_addr11_2_ 	, journalcom0_.is_admin AS is_admi12_2_, journalcom0_.parent_id AS parent_13_2_, journalcom0_.post_id AS post_id14_2_, journalcom0_.status AS status15_2_, journalcom0_.top_priority AS top_pri16_2_ 	, journalcom0_.user_agent AS user_ag17_2_ FROM comments journalcom0_ WHERE journalcom0_.type = %s 	AND journalcom0_.post_id = %s 	AND journalcom0_.status = %s 	AND journalcom0_.parent_id = %s ORDER BY journalcom0_.create_time DESC LIMIT 10","47,48,380"
19,"SELECT COUNT(journalcom0_.id) AS col_0_0_, journalcom0_.parent_id AS col_1_0_ FROM comments journalcom0_ WHERE journalcom0_.type = %s 	AND journalcom0_.parent_id IN (%s) GROUP BY journalcom0_.parent_id","49"
20,"SELECT postcommen0_.id AS id2_2_0_, postcommen0_.create_time AS create_t3_2_0_, postcommen0_.deleted AS deleted4_2_0_, postcommen0_.update_time AS update_t5_2_0_, postcommen0_.author AS author6_2_0_ 	, postcommen0_.author_url AS author_u7_2_0_, postcommen0_.content AS content8_2_0_, postcommen0_.email AS email9_2_0_, postcommen0_.gravatar_md5 AS gravata10_2_0_, postcommen0_.ip_address AS ip_addr11_2_0_ 	, postcommen0_.is_admin AS is_admi12_2_0_, postcommen0_.parent_id AS parent_13_2_0_, postcommen0_.post_id AS post_id14_2_0_, postcommen0_.status AS status15_2_0_, postcommen0_.top_priority AS top_pri16_2_0_ 	, postcommen0_.user_agent AS user_ag17_2_0_ FROM comments postcommen0_ WHERE postcommen0_.id = %s 	AND postcommen0_.type = %s","69,70,147,184,185,382,383,799,800,954,955,1104,1105,1140,1141,1258,1259,1330,1331,1363,1364,1775,1776"
21,"UPDATE comments SET create_time = %s, deleted = %s, update_time = %s, author = %s, author_url = %s, content = %s, email = %s, gravatar_md5 = %s, ip_address = %s, is_admin = %s, parent_id = %s, post_id = %s, status = %s, top_priority = %s, user_agent = %s WHERE id = %s","71,186,384,427,474,801,956,1106,1120,1142,1260,1276,1332,1365,1777,1781"
22,"SELECT post0_.id AS id2_12_, post0_.create_time AS create_t3_12_, post0_.deleted AS deleted4_12_, post0_.update_time AS update_t5_12_, post0_.create_from AS create_f6_12_ 	, post0_.disallow_comment AS disallow7_12_, post0_.edit_time AS edit_tim8_12_, post0_.format_content AS format_c9_12_, post0_.likes AS likes10_12_, post0_.original_content AS origina11_12_ 	, post0_.password AS passwor12_12_, post0_.status AS status13_12_, post0_.summary AS summary14_12_, post0_.template AS templat15_12_, post0_.thumbnail AS thumbna16_12_ 	, post0_.title AS title17_12_, post0_.top_priority AS top_pri18_12_, post0_.url AS url19_12_, post0_.visits AS visits20_12_ FROM posts post0_ WHERE post0_.type = %s 	AND post0_.status = %s ORDER BY post0_.create_time DESC LIMIT 2","72"
23,"SELECT tag0_.id AS id1_13_, tag0_.create_time AS create_t2_13_, tag0_.deleted AS deleted3_13_, tag0_.update_time AS update_t4_13_, tag0_.name AS name5_13_ 	, tag0_.slug_name AS slug_nam6_13_ FROM tags tag0_ WHERE tag0_.id IN (%s)","75,164,259,365,368,463,499,592,1282,1415,1448,1483,1535,1630,1642"
24,"SELECT category0_.id AS id1_1_, category0_.create_time AS create_t2_1_, category0_.deleted AS deleted3_1_, category0_.update_time AS update_t4_1_, category0_.description AS descript5_1_ 	, category0_.name AS name6_1_, category0_.parent_id AS parent_i7_1_, category0_.slug_name AS slug_nam8_1_ FROM categories category0_ WHERE category0_.id IN (%s)","77,85,141,261,311,316,324,329,337,342,350,355,363,370,438,501,581,593,986,1284,1376,1417,1457,1477,1485,1492,1537,1553,1558,1565,1570,1624,1632,1644"
25,"SELECT category0_.id AS id1_1_, category0_.create_time AS create_t2_1_, category0_.deleted AS deleted3_1_, category0_.update_time AS update_t4_1_, category0_.description AS descript5_1_ 	, category0_.name AS name6_1_, category0_.parent_id AS parent_i7_1_, category0_.slug_name AS slug_nam8_1_ FROM categories category0_ WHERE category0_.slug_name = %s","79,944,1277,1347"
26,"SELECT postcatego0_.post_id AS col_0_0_ FROM post_categories postcatego0_ 	CROSS JOIN posts post1_ WHERE post1_.type = %s 	AND postcatego0_.category_id = %s 	AND post1_.id = postcatego0_.post_id 	AND post1_.status = %s","80,679,690,691,692,693,694,695,945,1278"
27,"SELECT post0_.id AS id2_12_, post0_.create_time AS create_t3_12_, post0_.deleted AS deleted4_12_, post0_.update_time AS update_t5_12_, post0_.create_from AS create_f6_12_ 	, post0_.disallow_comment AS disallow7_12_, post0_.edit_time AS edit_tim8_12_, post0_.format_content AS format_c9_12_, post0_.likes AS likes10_12_, post0_.original_content AS origina11_12_ 	, post0_.password AS passwor12_12_, post0_.status AS status13_12_, post0_.summary AS summary14_12_, post0_.template AS templat15_12_, post0_.thumbnail AS thumbna16_12_ 	, post0_.title AS title17_12_, post0_.top_priority AS top_pri18_12_, post0_.url AS url19_12_, post0_.visits AS visits20_12_ FROM posts post0_ WHERE post0_.type = %s 	AND post0_.id IN (%s) ORDER BY post0_.create_time DESC LIMIT 1","81,256,1279"
28,"SELECT COUNT(post0_.id) AS col_0_0_ FROM posts post0_ WHERE post0_.type = %s 	AND post0_.id IN (%s)","82,257,1280"
29,"SELECT category0_.id AS id1_1_, category0_.create_time AS create_t2_1_, category0_.deleted AS deleted3_1_, category0_.update_time AS update_t4_1_, category0_.description AS descript5_1_ 	, category0_.name AS name6_1_, category0_.parent_id AS parent_i7_1_, category0_.slug_name AS slug_nam8_1_ FROM categories category0_ ORDER BY category0_.create_time DESC","87,203,222,237,264,371,674,677,685,688,749,764,777,794,964,988,1007,1016,1025,1041,1113,1130,1287,1409,1431,1523,1540,1571,1603,1635,1647,1680,1737,1753"
30,"SELECT COUNT(postcatego0_.post_id) AS col_0_0_, postcatego0_.category_id AS col_1_0_ FROM post_categories postcatego0_ GROUP BY postcatego0_.category_id","88,204,223,238,265,372,675,678,686,689,750,765,778,795,951,965,989,1008,1017,1026,1042,1114,1131,1288,1410,1432,1518,1524,1541,1572,1604,1636,1648,1681,1738,1754"
31,"SELECT COUNT(*) AS col_0_0_ FROM posts post0_ WHERE post0_.type = %s","90,205,206,211,224,225,230,239,240,245,266,267,272,374,419,668,676,681,687,697,752,767,779,786,797,967,991,1010,1019,1028,1043,1115,1132,1241,1289,1290,1295,1411,1434,1525,1526,1531,1542,1543,1548,1574,1606,1638,1649,1650,1655,1682,1740,1755"
32,"SELECT sheet0_.id AS id2_12_0_, sheet0_.create_time AS create_t3_12_0_, sheet0_.deleted AS deleted4_12_0_, sheet0_.update_time AS update_t5_12_0_, sheet0_.create_from AS create_f6_12_0_ 	, sheet0_.disallow_comment AS disallow7_12_0_, sheet0_.edit_time AS edit_tim8_12_0_, sheet0_.format_content AS format_c9_12_0_, sheet0_.likes AS likes10_12_0_, sheet0_.original_content AS origina11_12_0_ 	, sheet0_.password AS passwor12_12_0_, sheet0_.status AS status13_12_0_, sheet0_.summary AS summary14_12_0_, sheet0_.template AS templat15_12_0_, sheet0_.thumbnail AS thumbna16_12_0_ 	, sheet0_.title AS title17_12_0_, sheet0_.top_priority AS top_pri18_12_0_, sheet0_.url AS url19_12_0_, sheet0_.visits AS visits20_12_0_ FROM posts sheet0_ WHERE sheet0_.id = %s 	AND sheet0_.type = %s","92,94,98,100,179,181,478,663,667,1271,1328,1345,1503,1694"
33,"SELECT sheet0_.id AS col_0_0_ FROM posts sheet0_ WHERE sheet0_.type = %s 	AND sheet0_.id <> %s 	AND sheet0_.url = %s LIMIT 1","93,99,180"
34,"UPDATE posts SET create_time = %s, deleted = %s, update_time = %s, create_from = %s, disallow_comment = %s, edit_time = %s, format_content = %s, likes = %s, original_content = %s, password = %s, status = %s, summary = %s, template = %s, thumbnail = %s, title = %s, top_priority = %s, url = %s, visits = %s WHERE id = %s","95,101,138,153,161,182,578,589,1352,1671"
35,"SELECT log0_.id AS id1_5_, log0_.create_time AS create_t2_5_, log0_.deleted AS deleted3_5_, log0_.update_time AS update_t4_5_, log0_.content AS content5_5_ 	, log0_.ip_address AS ip_addre6_5_, log0_.log_key AS log_key7_5_, log0_.type AS type8_5_ FROM logs log0_ ORDER BY log0_.create_time DESC LIMIT 5","104,106"
36,"SELECT COUNT(log0_.id) AS col_0_0_ FROM logs log0_","107"
37,"SELECT user0_.id AS id1_15_, user0_.create_time AS create_t2_15_, user0_.deleted AS deleted3_15_, user0_.update_time AS update_t4_15_, user0_.avatar AS avatar5_15_ 	, user0_.description AS descript6_15_, user0_.email AS email7_15_, user0_.expire_time AS expire_t8_15_, user0_.nickname AS nickname9_15_, user0_.password AS passwor10_15_ 	, user0_.username AS usernam11_15_ FROM users user0_ WHERE user0_.email = %s","108,111,1270,1318,1321,1322"
38,"SELECT COUNT(*) AS col_0_0_ FROM journals journal0_ WHERE journal0_.id = %s","109,112,274"
39,"INSERT INTO comments (create_time, deleted, update_time, author, author_url 	, content, email, gravatar_md5, ip_address, is_admin 	, parent_id, post_id, status, top_priority, user_agent 	, type) VALUES (%s, %s, %s, %s, %s 	, %s, %s, %s, %s, %s 	, %s, %s, %s, %s, %s 	, %s)","110,114,215,276,480,540,563,1272,1320,1325"
40,"SELECT COUNT(*) AS col_0_0_ FROM comments journalcom0_ WHERE journalcom0_.type = %s 	AND journalcom0_.id = %s","113,275"
41,"SELECT tag0_.id AS id1_13_, tag0_.create_time AS create_t2_13_, tag0_.deleted AS deleted3_13_, tag0_.update_time AS update_t4_13_, tag0_.name AS name5_13_ 	, tag0_.slug_name AS slug_nam6_13_ FROM tags tag0_ ORDER BY tag0_.update_time DESC","115,116,1379"
42,"SELECT COUNT(posttag0_.post_id) AS col_0_0_, posttag0_.tag_id AS col_1_0_ FROM post_tags posttag0_ GROUP BY posttag0_.tag_id","117,210,229,244,271,781,1045,1294,1380,1530,1547,1654,1757"
43,"SELECT user0_.id AS id1_15_, user0_.create_time AS create_t2_15_, user0_.deleted AS deleted3_15_, user0_.update_time AS update_t4_15_, user0_.avatar AS avatar5_15_ 	, user0_.description AS descript6_15_, user0_.email AS email7_15_, user0_.expire_time AS expire_t8_15_, user0_.nickname AS nickname9_15_, user0_.password AS passwor10_15_ 	, user0_.username AS usernam11_15_ FROM users user0_","118,119,122,190,423,531,534,554,557,672,1102,1245,1339,1361,1377"
44,"UPDATE users SET create_time = %s, deleted = %s, update_time = %s, avatar = %s, description = %s, email = %s, expire_time = %s, nickname = %s, password = %s, username = %s WHERE id = %s","121,189,1338"
45,"SELECT photo0_.id AS id1_9_0_, photo0_.create_time AS create_t2_9_0_, photo0_.deleted AS deleted3_9_0_, photo0_.update_time AS update_t4_9_0_, photo0_.description AS descript5_9_0_ 	, photo0_.location AS location6_9_0_, photo0_.name AS name7_9_0_, photo0_.take_time AS take_tim8_9_0_, photo0_.team AS team9_9_0_, photo0_.thumbnail AS thumbna10_9_0_ 	, photo0_.url AS url11_9_0_ FROM photos photo0_ WHERE photo0_.id = %s","126,127,1251"
46,"UPDATE photos SET create_time = %s, deleted = %s, update_time = %s, description = %s, location = %s, name = %s, take_time = %s, team = %s, thumbnail = %s, url = %s WHERE id = %s","128"
47,"SELECT category0_.id AS id1_1_0_, category0_.create_time AS create_t2_1_0_, category0_.deleted AS deleted3_1_0_, category0_.update_time AS update_t4_1_0_, category0_.description AS descript5_1_0_ 	, category0_.name AS name6_1_0_, category0_.parent_id AS parent_i7_1_0_, category0_.slug_name AS slug_nam8_1_0_ FROM categories category0_ WHERE category0_.id = %s","130,131,514"
48,"UPDATE categories SET create_time = %s, deleted = %s, update_time = %s, description = %s, name = %s, parent_id = %s, slug_name = %s WHERE id = %s","132"
49,"SELECT post0_.id AS id2_12_, post0_.create_time AS create_t3_12_, post0_.deleted AS deleted4_12_, post0_.update_time AS update_t5_12_, post0_.create_from AS create_f6_12_ 	, post0_.disallow_comment AS disallow7_12_, post0_.edit_time AS edit_tim8_12_, post0_.format_content AS format_c9_12_, post0_.likes AS likes10_12_, post0_.original_content AS origina11_12_ 	, post0_.password AS passwor12_12_, post0_.status AS status13_12_, post0_.summary AS summary14_12_, post0_.template AS templat15_12_, post0_.thumbnail AS thumbna16_12_ 	, post0_.title AS title17_12_, post0_.top_priority AS top_pri18_12_, post0_.url AS url19_12_, post0_.visits AS visits20_12_ FROM posts post0_ WHERE post0_.type = %s 	AND post0_.url = %s 	AND post0_.status = %s","133,283,294,305,318,331,344,357,700,712,725,738,753,898,908,919,952,1031,1046,1056,1067,1078,1089,1121,1326,1420,1549,1560,1561,1726,1741"
50,"SELECT post0_.id AS id2_12_0_, post0_.create_time AS create_t3_12_0_, post0_.deleted AS deleted4_12_0_, post0_.update_time AS update_t5_12_0_, post0_.create_from AS create_f6_12_0_ 	, post0_.disallow_comment AS disallow7_12_0_, post0_.edit_time AS edit_tim8_12_0_, post0_.format_content AS format_c9_12_0_, post0_.likes AS likes10_12_0_, post0_.original_content AS origina11_12_0_ 	, post0_.password AS passwor12_12_0_, post0_.status AS status13_12_0_, post0_.summary AS summary14_12_0_, post0_.template AS templat15_12_0_, post0_.thumbnail AS thumbna16_12_0_ 	, post0_.title AS title17_12_0_, post0_.top_priority AS top_pri18_12_0_, post0_.url AS url19_12_0_, post0_.visits AS visits20_12_0_ FROM posts post0_ WHERE post0_.id = %s 	AND post0_.type = %s","135,137,150,152,158,160,213,431,435,457,461,539,562,575,577,586,588,1030,1319,1323,1349,1351,1357,1369,1373,1668,1670"
51,"SELECT post0_.id AS col_0_0_ FROM posts post0_ WHERE post0_.type = %s 	AND post0_.id <> %s 	AND post0_.url = %s LIMIT 1","136,151,159,576,587,1350,1669"
52,"SELECT posttag0_.id AS id1_11_, posttag0_.create_time AS create_t2_11_, posttag0_.deleted AS deleted3_11_, posttag0_.update_time AS update_t4_11_, posttag0_.post_id AS post_id5_11_ 	, posttag0_.tag_id AS tag_id6_11_ FROM post_tags posttag0_ WHERE posttag0_.post_id = %s","139,154,162,165,579,590,594,1355,1490,1499,1579"
53,"SELECT postcatego0_.id AS id1_10_, postcatego0_.create_time AS create_t2_10_, postcatego0_.deleted AS deleted3_10_, postcatego0_.update_time AS update_t4_10_, postcatego0_.category_id AS category5_10_ 	, postcatego0_.post_id AS post_id6_10_ FROM post_categories postcatego0_ WHERE postcatego0_.post_id = %s","140,143,155,163,580,582,591,597,1356,1491,1493,1500,1580"
54,"DELETE FROM post_categories WHERE id = %s","142,596"
55,"INSERT INTO post_categories (create_time, deleted, update_time, category_id, post_id) VALUES (%s, %s, %s, %s, %s)","144,583,598,1494"
56,"DELETE FROM comments WHERE id = %s","148,572,1206,1674"
57,"INSERT INTO post_tags (create_time, deleted, update_time, post_id, tag_id) VALUES (%s, %s, %s, %s, %s)","166,595"
58,"SELECT user0_.id AS id1_15_, user0_.create_time AS create_t2_15_, user0_.deleted AS deleted3_15_, user0_.update_time AS update_t4_15_, user0_.avatar AS avatar5_15_ 	, user0_.description AS descript6_15_, user0_.email AS email7_15_, user0_.expire_time AS expire_t8_15_, user0_.nickname AS nickname9_15_, user0_.password AS passwor10_15_ 	, user0_.username AS usernam11_15_ FROM users user0_ WHERE user0_.username = %s","168,170,172"
59,"SELECT tag0_.id AS id1_13_0_, tag0_.create_time AS create_t2_13_0_, tag0_.deleted AS deleted3_13_0_, tag0_.update_time AS update_t4_13_0_, tag0_.name AS name5_13_0_ 	, tag0_.slug_name AS slug_nam6_13_0_ FROM tags tag0_ WHERE tag0_.id = %s","175,176,520"
60,"SELECT postcommen0_.id AS id2_2_, postcommen0_.create_time AS create_t3_2_, postcommen0_.deleted AS deleted4_2_, postcommen0_.update_time AS update_t5_2_, postcommen0_.author AS author6_2_ 	, postcommen0_.author_url AS author_u7_2_, postcommen0_.content AS content8_2_, postcommen0_.email AS email9_2_, postcommen0_.gravatar_md5 AS gravata10_2_, postcommen0_.ip_address AS ip_addr11_2_ 	, postcommen0_.is_admin AS is_admi12_2_, postcommen0_.parent_id AS parent_13_2_, postcommen0_.post_id AS post_id14_2_, postcommen0_.status AS status15_2_, postcommen0_.top_priority AS top_pri16_2_ 	, postcommen0_.user_agent AS user_ag17_2_ FROM comments postcommen0_ WHERE postcommen0_.type = %s 	AND postcommen0_.status = %s ORDER BY postcommen0_.create_time DESC LIMIT 5","193,196"
61,"SELECT post0_.id AS id2_12_, post0_.create_time AS create_t3_12_, post0_.deleted AS deleted4_12_, post0_.update_time AS update_t5_12_, post0_.create_from AS create_f6_12_ 	, post0_.disallow_comment AS disallow7_12_, post0_.edit_time AS edit_tim8_12_, post0_.format_content AS format_c9_12_, post0_.likes AS likes10_12_, post0_.original_content AS origina11_12_ 	, post0_.password AS passwor12_12_, post0_.status AS status13_12_, post0_.summary AS summary14_12_, post0_.template AS templat15_12_, post0_.thumbnail AS thumbna16_12_ 	, post0_.title AS title17_12_, post0_.top_priority AS top_pri18_12_, post0_.url AS url19_12_, post0_.visits AS visits20_12_ FROM posts post0_ WHERE post0_.type = %s 	AND post0_.id IN (%s)","194,680,696,783,932,935,941"
62,"SELECT post0_.id AS id2_12_, post0_.create_time AS create_t3_12_, post0_.deleted AS deleted4_12_, post0_.update_time AS update_t5_12_, post0_.create_from AS create_f6_12_ 	, post0_.disallow_comment AS disallow7_12_, post0_.edit_time AS edit_tim8_12_, post0_.format_content AS format_c9_12_, post0_.likes AS likes10_12_, post0_.original_content AS origina11_12_ 	, post0_.password AS passwor12_12_, post0_.status AS status13_12_, post0_.summary AS summary14_12_, post0_.template AS templat15_12_, post0_.thumbnail AS thumbna16_12_ 	, post0_.title AS title17_12_, post0_.top_priority AS top_pri18_12_, post0_.url AS url19_12_, post0_.visits AS visits20_12_ FROM posts post0_ WHERE post0_.type = %s 	AND post0_.status = %s 	AND (post0_.title LIKE %s 		OR post0_.original_content LIKE %s) ORDER BY post0_.create_time DESC LIMIT %s, 1","197,216,231"
63,"SELECT COUNT(post0_.id) AS col_0_0_ FROM posts post0_ WHERE post0_.type = %s 	AND post0_.status = %s 	AND (post0_.title LIKE %s 		OR post0_.original_content LIKE %s)","198,217,232,1533"
64,"SELECT COUNT(*) AS col_0_0_ FROM categories category0_","207,226,241,268,535,558,682,698,787,1291,1527,1544,1651"
65,"SELECT COUNT(*) AS col_0_0_ FROM tags tag0_","208,227,242,269,683,699,788,1292,1528,1545,1652"
66,"SELECT tag0_.id AS id1_13_, tag0_.create_time AS create_t2_13_, tag0_.deleted AS deleted3_13_, tag0_.update_time AS update_t4_13_, tag0_.name AS name5_13_ 	, tag0_.slug_name AS slug_nam6_13_ FROM tags tag0_ ORDER BY tag0_.create_time DESC","209,228,243,270,780,1044,1293,1529,1546,1653,1756"
67,"SELECT COUNT(*) AS col_0_0_ FROM comments postcommen0_ WHERE postcommen0_.type = %s 	AND postcommen0_.id = %s","214,1324"
68,"SELECT option0_.id AS id1_8_, option0_.create_time AS create_t2_8_, option0_.deleted AS deleted3_8_, option0_.update_time AS update_t4_8_, option0_.option_key AS option_k5_8_ 	, option0_.option_value AS option_v6_8_ FROM options option0_","247,249,387,389,421,523,529,546,552,670,808,833,836,840,843,846,849,851,854,857,860,888,891,1134,1136,1243,1262,1264,1688,1690"
69,"UPDATE options SET create_time = %s, deleted = %s, update_time = %s, option_key = %s, option_value = %s WHERE id = %s","248,388,832,837,838,839,844,845,850,856,1135,1263,1689"
70,"SELECT themesetti0_.id AS id1_14_, themesetti0_.create_time AS create_t2_14_, themesetti0_.deleted AS deleted3_14_, themesetti0_.update_time AS update_t4_14_, themesetti0_.setting_key AS setting_5_14_ 	, themesetti0_.theme_id AS theme_id6_14_, themesetti0_.setting_value AS setting_7_14_ FROM theme_settings themesetti0_ WHERE themesetti0_.theme_id = %s","250,251,390,391,400,405,422,476,530,553,621,633,644,662,671,834,841,847,852,858,889,1137,1138,1202,1244,1265,1266,1317,1520,1691,1692,1761"
71,"SELECT DISTINCT attachment0_.media_type AS col_0_0_ FROM attachments attachment0_","253"
72,"SELECT tag0_.id AS id1_13_, tag0_.create_time AS create_t2_13_, tag0_.deleted AS deleted3_13_, tag0_.update_time AS update_t4_13_, tag0_.name AS name5_13_ 	, tag0_.slug_name AS slug_nam6_13_ FROM tags tag0_ WHERE tag0_.slug_name = %s","254,1404,1405"
73,"SELECT posttag0_.post_id AS col_0_0_ FROM post_tags posttag0_ 	CROSS JOIN posts post1_ WHERE post1_.type = %s 	AND posttag0_.tag_id = %s 	AND post1_.id = posttag0_.post_id 	AND post1_.status = %s","255,782,784,785,1406"
74,"SELECT journalcom0_.id AS id2_2_, journalcom0_.create_time AS create_t3_2_, journalcom0_.deleted AS deleted4_2_, journalcom0_.update_time AS update_t5_2_, journalcom0_.author AS author6_2_ 	, journalcom0_.author_url AS author_u7_2_, journalcom0_.content AS content8_2_, journalcom0_.email AS email9_2_, journalcom0_.gravatar_md5 AS gravata10_2_, journalcom0_.ip_address AS ip_addr11_2_ 	, journalcom0_.is_admin AS is_admi12_2_, journalcom0_.parent_id AS parent_13_2_, journalcom0_.post_id AS post_id14_2_, journalcom0_.status AS status15_2_, journalcom0_.top_priority AS top_pri16_2_ 	, journalcom0_.user_agent AS user_ag17_2_ FROM comments journalcom0_ WHERE journalcom0_.type = %s 	AND journalcom0_.post_id = %s 	AND journalcom0_.status = %s 	AND journalcom0_.parent_id = %s","277"
75,"SELECT journalcom0_.id AS id2_2_, journalcom0_.create_time AS create_t3_2_, journalcom0_.deleted AS deleted4_2_, journalcom0_.update_time AS update_t5_2_, journalcom0_.author AS author6_2_ 	, journalcom0_.author_url AS author_u7_2_, journalcom0_.content AS content8_2_, journalcom0_.email AS email9_2_, journalcom0_.gravatar_md5 AS gravata10_2_, journalcom0_.ip_address AS ip_addr11_2_ 	, journalcom0_.is_admin AS is_admi12_2_, journalcom0_.parent_id AS parent_13_2_, journalcom0_.post_id AS post_id14_2_, journalcom0_.status AS status15_2_, journalcom0_.top_priority AS top_pri16_2_ 	, journalcom0_.user_agent AS user_ag17_2_ FROM comments journalcom0_ WHERE journalcom0_.type = %s 	AND journalcom0_.status = %s 	AND journalcom0_.parent_id IN (%s)","278"
76,"SELECT menu0_.id AS id1_6_, menu0_.create_time AS create_t2_6_, menu0_.deleted AS deleted3_6_, menu0_.update_time AS update_t4_6_, menu0_.icon AS icon5_6_ 	, menu0_.name AS name6_6_, menu0_.parent_id AS parent_i7_6_, menu0_.priority AS priority8_6_, menu0_.target AS target9_6_, menu0_.team AS team10_6_ 	, menu0_.url AS url11_6_ FROM menus menu0_ WHERE menu0_.parent_id = %s","280,482,489"
77,"SELECT menu0_.id AS id1_6_0_, menu0_.create_time AS create_t2_6_0_, menu0_.deleted AS deleted3_6_0_, menu0_.update_time AS update_t4_6_0_, menu0_.icon AS icon5_6_0_ 	, menu0_.name AS name6_6_0_, menu0_.parent_id AS parent_i7_6_0_, menu0_.priority AS priority8_6_0_, menu0_.target AS target9_6_0_, menu0_.team AS team10_6_0_ 	, menu0_.url AS url11_6_0_ FROM menus menu0_ WHERE menu0_.id = %s","281,484,486,490,1763,1765,1770,1772"
78,"DELETE FROM menus WHERE id = %s","282,487,491"
79,"SELECT post0_.id AS id2_12_, post0_.create_time AS create_t3_12_, post0_.deleted AS deleted4_12_, post0_.update_time AS update_t5_12_, post0_.create_from AS create_f6_12_ 	, post0_.disallow_comment AS disallow7_12_, post0_.edit_time AS edit_tim8_12_, post0_.format_content AS format_c9_12_, post0_.likes AS likes10_12_, post0_.original_content AS origina11_12_ 	, post0_.password AS passwor12_12_, post0_.status AS status13_12_, post0_.summary AS summary14_12_, post0_.template AS templat15_12_, post0_.thumbnail AS thumbna16_12_ 	, post0_.title AS title17_12_, post0_.top_priority AS top_pri18_12_, post0_.url AS url19_12_, post0_.visits AS visits20_12_ FROM posts post0_ WHERE post0_.type = %s 	AND post0_.status = %s 	AND post0_.create_time < %s ORDER BY post0_.create_time DESC LIMIT 1","284,296,306,319,333,345,358,701,713,727,739,755,899,909,920,1032,1047,1057,1069,1079,1090,1421,1550,1562,1727,1742"
80,"UPDATE posts SET visits = visits + 1 WHERE id = %s","285,295,308,320,332,346,359,703,717,726,740,754,901,912,921,1035,1051,1058,1068,1080,1092,1216,1219,1422,1585,1588,1592,1728,1746"
81,"SELECT COUNT(post0_.id) AS col_0_0_ FROM posts post0_ WHERE post0_.type = %s 	AND post0_.status = %s 	AND post0_.create_time < %s","286,297,307,321,334,347,360,702,714,728,741,756,1423,1729,1743"
82,"SELECT post0_.id AS id2_12_, post0_.create_time AS create_t3_12_, post0_.deleted AS deleted4_12_, post0_.update_time AS update_t5_12_, post0_.create_from AS create_f6_12_ 	, post0_.disallow_comment AS disallow7_12_, post0_.edit_time AS edit_tim8_12_, post0_.format_content AS format_c9_12_, post0_.likes AS likes10_12_, post0_.original_content AS origina11_12_ 	, post0_.password AS passwor12_12_, post0_.status AS status13_12_, post0_.summary AS summary14_12_, post0_.template AS templat15_12_, post0_.thumbnail AS thumbna16_12_ 	, post0_.title AS title17_12_, post0_.top_priority AS top_pri18_12_, post0_.url AS url19_12_, post0_.visits AS visits20_12_ FROM posts post0_ WHERE post0_.type = %s 	AND post0_.status = %s 	AND post0_.create_time > %s ORDER BY post0_.create_time ASC LIMIT 1","287,298,309,322,335,348,361,704,715,729,742,757,900,910,922,1033,1048,1059,1070,1081,1091,1424,1551,1563,1730,1744"
83,"SELECT postcatego0_.category_id AS col_0_0_ FROM post_categories postcatego0_ WHERE postcatego0_.post_id = %s","288,292,299,303,310,315,323,328,336,341,349,354,362,369,433,437,459,464,706,710,718,722,731,735,744,748,759,763,902,906,911,916,923,927,1034,1039,1049,1054,1060,1064,1071,1075,1082,1086,1094,1098,1371,1375,1426,1430,1552,1557,1564,1569,1732,1736,1747,1751"
84,"SELECT posttag0_.tag_id AS col_0_0_ FROM post_tags posttag0_ WHERE posttag0_.post_id = %s","289,291,300,302,312,314,325,327,338,340,351,353,364,367,432,436,458,462,707,709,719,721,732,734,745,747,760,762,903,905,913,915,924,926,1036,1038,1050,1053,1061,1063,1072,1074,1083,1085,1095,1097,1370,1374,1427,1429,1554,1556,1566,1568,1733,1735,1748,1750"
85,"SELECT postcommen0_.id AS id2_2_, postcommen0_.create_time AS create_t3_2_, postcommen0_.deleted AS deleted4_2_, postcommen0_.update_time AS update_t5_2_, postcommen0_.author AS author6_2_ 	, postcommen0_.author_url AS author_u7_2_, postcommen0_.content AS content8_2_, postcommen0_.email AS email9_2_, postcommen0_.gravatar_md5 AS gravata10_2_, postcommen0_.ip_address AS ip_addr11_2_ 	, postcommen0_.is_admin AS is_admi12_2_, postcommen0_.parent_id AS parent_13_2_, postcommen0_.post_id AS post_id14_2_, postcommen0_.status AS status15_2_, postcommen0_.top_priority AS top_pri16_2_ 	, postcommen0_.user_agent AS user_ag17_2_ FROM comments postcommen0_ WHERE postcommen0_.type = %s 	AND postcommen0_.post_id = %s 	AND postcommen0_.status = %s","290,301,313,326,339,352,366,708,720,733,746,761,904,914,925,998,1037,1052,1062,1073,1084,1096,1428,1555,1567,1734,1749"
86,"SELECT COUNT(category0_.id) AS col_0_0_ FROM categories category0_ WHERE category0_.name = %s","376"
87,"INSERT INTO categories (create_time, deleted, update_time, description, name 	, parent_id, slug_name) VALUES (%s, %s, %s, %s, %s 	, %s, %s)","377"
88,"SELECT journalcom0_.id AS id2_2_, journalcom0_.create_time AS create_t3_2_, journalcom0_.deleted AS deleted4_2_, journalcom0_.update_time AS update_t5_2_, journalcom0_.author AS author6_2_ 	, journalcom0_.author_url AS author_u7_2_, journalcom0_.content AS content8_2_, journalcom0_.email AS email9_2_, journalcom0_.gravatar_md5 AS gravata10_2_, journalcom0_.ip_address AS ip_addr11_2_ 	, journalcom0_.is_admin AS is_admi12_2_, journalcom0_.parent_id AS parent_13_2_, journalcom0_.post_id AS post_id14_2_, journalcom0_.status AS status15_2_, journalcom0_.top_priority AS top_pri16_2_ 	, journalcom0_.user_agent AS user_ag17_2_ FROM comments journalcom0_ WHERE journalcom0_.type = %s 	AND journalcom0_.post_id = %s 	AND journalcom0_.status = %s","379,959,1299"
89,"SELECT themesetti0_.id AS id1_14_, themesetti0_.create_time AS create_t2_14_, themesetti0_.deleted AS deleted3_14_, themesetti0_.update_time AS update_t4_14_, themesetti0_.setting_key AS setting_5_14_ 	, themesetti0_.theme_id AS theme_id6_14_, themesetti0_.setting_value AS setting_7_14_ FROM theme_settings themesetti0_ WHERE themesetti0_.theme_id = %s 	AND themesetti0_.setting_key = %s","394,396,398,402,403,404,605,607,609,611,613,615,617,619,623,624,625,626,627,628,629,630,631,635,636,637,638,639,640,641,642,643,646,648,649,651,653,655,656,658,659,660,1144,1146,1148,1150,1152,1154,1156,1158,1160,1162,1164,1166,1168,1170,1172,1174,1176,1178,1180,1182,1184,1186,1188,1190,1192,1194,1196,1198,1200"
90,"INSERT INTO theme_settings (create_time, deleted, update_time, setting_key, theme_id 	, setting_value) VALUES (%s, %s, %s, %s, %s 	, %s)","395,397,399,606,608,610,612,614,616,618,620,632,661,1145,1147,1149,1151,1153,1155,1157,1159,1161,1163,1165,1167,1169,1171,1173,1175,1177,1179,1181,1183,1185,1187,1189,1191,1193,1195,1197,1199,1201"
91,"SELECT COUNT(sheet0_.id) AS col_0_0_ FROM posts sheet0_ WHERE sheet0_.type = %s 	AND sheet0_.status = %s","408"
92,"SELECT COUNT(*) AS col_0_0_ FROM attachments attachment0_","409"
93,"SELECT COUNT(postcommen0_.id) AS col_0_0_ FROM comments postcommen0_ WHERE postcommen0_.type = %s 	AND postcommen0_.status = %s","410"
94,"SELECT COUNT(sheetcomme0_.id) AS col_0_0_ FROM comments sheetcomme0_ WHERE sheetcomme0_.type = %s 	AND sheetcomme0_.status = %s","411"
95,"SELECT COUNT(journalcom0_.id) AS col_0_0_ FROM comments journalcom0_ WHERE journalcom0_.type = %s 	AND journalcom0_.status = %s","412"
96,"SELECT COUNT(*) AS col_0_0_ FROM links link0_","413"
97,"SELECT SUM(post0_.visits) AS col_0_0_ FROM posts post0_ WHERE post0_.type = %s","414"
98,"SELECT SUM(sheet0_.visits) AS col_0_0_ FROM posts sheet0_ WHERE sheet0_.type = %s","415"
99,"SELECT SUM(post0_.likes) AS col_0_0_ FROM posts post0_ WHERE post0_.type = %s","416"
100,"SELECT SUM(sheet0_.likes) AS col_0_0_ FROM posts sheet0_ WHERE sheet0_.type = %s","417"
101,"SELECT COUNT(*) AS col_0_0_ FROM posts sheet0_ WHERE sheet0_.type = %s","420,669,1242"
102,"SELECT sheetcomme0_.id AS id2_2_0_, sheetcomme0_.create_time AS create_t3_2_0_, sheetcomme0_.deleted AS deleted4_2_0_, sheetcomme0_.update_time AS update_t5_2_0_, sheetcomme0_.author AS author6_2_0_ 	, sheetcomme0_.author_url AS author_u7_2_0_, sheetcomme0_.content AS content8_2_0_, sheetcomme0_.email AS email9_2_0_, sheetcomme0_.gravatar_md5 AS gravata10_2_0_, sheetcomme0_.ip_address AS ip_addr11_2_0_ 	, sheetcomme0_.is_admin AS is_admi12_2_0_, sheetcomme0_.parent_id AS parent_13_2_0_, sheetcomme0_.post_id AS post_id14_2_0_, sheetcomme0_.status AS status15_2_0_, sheetcomme0_.top_priority AS top_pri16_2_0_ 	, sheetcomme0_.user_agent AS user_ag17_2_0_ FROM comments sheetcomme0_ WHERE sheetcomme0_.id = %s 	AND sheetcomme0_.type = %s","425,426,472,473,571,1118,1119,1274,1275,1779,1780"
103,"SELECT log0_.id AS id1_5_, log0_.create_time AS create_t2_5_, log0_.deleted AS deleted3_5_, log0_.update_time AS update_t4_5_, log0_.content AS content5_5_ 	, log0_.ip_address AS ip_addre6_5_, log0_.log_key AS log_key7_5_, log0_.type AS type8_5_ FROM logs log0_","440"
104,"DELETE FROM logs WHERE id = %s","441,442,443,444,445,446,447,448,449,450,451,452,453,454,455"
105,"SELECT postcommen0_.id AS id2_2_, postcommen0_.create_time AS create_t3_2_, postcommen0_.deleted AS deleted4_2_, postcommen0_.update_time AS update_t5_2_, postcommen0_.author AS author6_2_ 	, postcommen0_.author_url AS author_u7_2_, postcommen0_.content AS content8_2_, postcommen0_.email AS email9_2_, postcommen0_.gravatar_md5 AS gravata10_2_, postcommen0_.ip_address AS ip_addr11_2_ 	, postcommen0_.is_admin AS is_admi12_2_, postcommen0_.parent_id AS parent_13_2_, postcommen0_.post_id AS post_id14_2_, postcommen0_.status AS status15_2_, postcommen0_.top_priority AS top_pri16_2_ 	, postcommen0_.user_agent AS user_ag17_2_ FROM comments postcommen0_ WHERE postcommen0_.type = %s 	AND postcommen0_.post_id = %s 	AND postcommen0_.status = %s 	AND postcommen0_.parent_id = %s ORDER BY postcommen0_.create_time DESC LIMIT 10","465,503,892,1248,1711,1712"
106,"SELECT postcommen0_.id AS id2_2_, postcommen0_.create_time AS create_t3_2_, postcommen0_.deleted AS deleted4_2_, postcommen0_.update_time AS update_t5_2_, postcommen0_.author AS author6_2_ 	, postcommen0_.author_url AS author_u7_2_, postcommen0_.content AS content8_2_, postcommen0_.email AS email9_2_, postcommen0_.gravatar_md5 AS gravata10_2_, postcommen0_.ip_address AS ip_addr11_2_ 	, postcommen0_.is_admin AS is_admi12_2_, postcommen0_.parent_id AS parent_13_2_, postcommen0_.post_id AS post_id14_2_, postcommen0_.status AS status15_2_, postcommen0_.top_priority AS top_pri16_2_ 	, postcommen0_.user_agent AS user_ag17_2_ FROM comments postcommen0_ WHERE postcommen0_.type = %s 	AND postcommen0_.post_id = %s 	AND postcommen0_.status = %s 	AND postcommen0_.parent_id = %s ORDER BY postcommen0_.create_time DESC LIMIT 2","466,1296,1419,1714"
107,"SELECT photo0_.id AS id1_9_, photo0_.create_time AS create_t2_9_, photo0_.deleted AS deleted3_9_, photo0_.update_time AS update_t4_9_, photo0_.description AS descript5_9_ 	, photo0_.location AS location6_9_, photo0_.name AS name7_9_, photo0_.take_time AS take_tim8_9_, photo0_.team AS team9_9_, photo0_.thumbnail AS thumbna10_9_ 	, photo0_.url AS url11_9_ FROM photos photo0_ WHERE 1 = 1 ORDER BY photo0_.update_time DESC LIMIT 10","467"
108,"SELECT link0_.id AS id1_4_, link0_.create_time AS create_t2_4_, link0_.deleted AS deleted3_4_, link0_.update_time AS update_t4_4_, link0_.description AS descript5_4_ 	, link0_.logo AS logo6_4_, link0_.name AS name7_4_, link0_.priority AS priority8_4_, link0_.team AS team9_4_, link0_.url AS url10_4_ FROM links link0_ WHERE link0_.deleted = %s 	AND link0_.name = %s","469"
109,"INSERT INTO links (create_time, deleted, update_time, description, logo 	, name, priority, team, url) VALUES (%s, %s, %s, %s, %s 	, %s, %s, %s, %s)","470"
110,"SELECT COUNT(*) AS col_0_0_ FROM comments sheetcomme0_ WHERE sheetcomme0_.type = %s 	AND sheetcomme0_.id = %s","479"
111,"SELECT menu0_.id AS col_0_0_ FROM menus menu0_ WHERE menu0_.id <> %s 	AND menu0_.name = %s LIMIT 1","483,1764,1771"
112,"UPDATE menus SET create_time = %s, deleted = %s, update_time = %s, icon = %s, name = %s, parent_id = %s, priority = %s, target = %s, team = %s, url = %s WHERE id = %s","485,1766,1773"
113,"SELECT link0_.id AS id1_4_0_, link0_.create_time AS create_t2_4_0_, link0_.deleted AS deleted3_4_0_, link0_.update_time AS update_t4_4_0_, link0_.description AS descript5_4_0_ 	, link0_.logo AS logo6_4_0_, link0_.name AS name7_4_0_, link0_.priority AS priority8_4_0_, link0_.team AS team9_4_0_, link0_.url AS url10_4_0_ FROM links link0_ WHERE link0_.id = %s","493,494,1000,1343"
114,"UPDATE links SET create_time = %s, deleted = %s, update_time = %s, description = %s, logo = %s, name = %s, priority = %s, team = %s, url = %s WHERE id = %s","495"
115,"SELECT post0_.id AS id2_12_, post0_.create_time AS create_t3_12_, post0_.deleted AS deleted4_12_, post0_.update_time AS update_t5_12_, post0_.create_from AS create_f6_12_ 	, post0_.disallow_comment AS disallow7_12_, post0_.edit_time AS edit_tim8_12_, post0_.format_content AS format_c9_12_, post0_.likes AS likes10_12_, post0_.original_content AS origina11_12_ 	, post0_.password AS passwor12_12_, post0_.status AS status13_12_, post0_.summary AS summary14_12_, post0_.template AS templat15_12_, post0_.thumbnail AS thumbna16_12_ 	, post0_.title AS title17_12_, post0_.top_priority AS top_pri18_12_, post0_.url AS url19_12_, post0_.visits AS visits20_12_ FROM posts post0_ WHERE post0_.type = %s 	AND post0_.status = %s ORDER BY post0_.create_time DESC LIMIT 1","496,960,963,968,975,982"
116,"SELECT journal0_.id AS id1_3_0_, journal0_.create_time AS create_t2_3_0_, journal0_.deleted AS deleted3_3_0_, journal0_.update_time AS update_t4_3_0_, journal0_.content AS content5_3_0_ 	, journal0_.likes AS likes6_3_0_, journal0_.type AS type7_3_0_ FROM journals journal0_ WHERE journal0_.id = %s","505,506,509,510,665,789,790"
117,"UPDATE journals SET create_time = %s, deleted = %s, update_time = %s, content = %s, likes = %s, type = %s WHERE id = %s","511"
118,"SELECT category0_.id AS id1_1_, category0_.create_time AS create_t2_1_, category0_.deleted AS deleted3_1_, category0_.update_time AS update_t4_1_, category0_.description AS descript5_1_ 	, category0_.name AS name6_1_, category0_.parent_id AS parent_i7_1_, category0_.slug_name AS slug_nam8_1_ FROM categories category0_ WHERE category0_.parent_id = %s","513"
119,"SELECT postcatego0_.id AS id1_10_, postcatego0_.create_time AS create_t2_10_, postcatego0_.deleted AS deleted3_10_, postcatego0_.update_time AS update_t4_10_, postcatego0_.category_id AS category5_10_ 	, postcatego0_.post_id AS post_id6_10_ FROM post_categories postcatego0_ WHERE postcatego0_.category_id = %s","515"
120,"DELETE FROM categories WHERE id = %s","516"
121,"SELECT menu0_.id AS id1_6_, menu0_.create_time AS create_t2_6_, menu0_.deleted AS deleted3_6_, menu0_.update_time AS update_t4_6_, menu0_.icon AS icon5_6_ 	, menu0_.name AS name6_6_, menu0_.parent_id AS parent_i7_6_, menu0_.priority AS priority8_6_, menu0_.target AS target9_6_, menu0_.team AS team10_6_ 	, menu0_.url AS url11_6_ FROM menus menu0_ ORDER BY menu0_.priority DESC","517"
122,"DELETE FROM tags WHERE id = %s","521"
123,"SELECT posttag0_.id AS id1_11_, posttag0_.create_time AS create_t2_11_, posttag0_.deleted AS deleted3_11_, posttag0_.update_time AS update_t4_11_, posttag0_.post_id AS post_id5_11_ 	, posttag0_.tag_id AS tag_id6_11_ FROM post_tags posttag0_ WHERE posttag0_.tag_id = %s","522"
124,"INSERT INTO options (create_time, deleted, update_time, option_key, option_value) VALUES (%s, %s, %s, %s, %s)","524,525,526,527,528,547,548,549,550,551,809,810,811,812,813,814,815,816,817,818,819,820,821,822,823,824,825,826,827,828,829,830,831,855,861,862,863,864,865,866,867,868,869,870,871,872,873,874,875,876,877,878,879,880,881,882,883,884,885,886,887"
125,"SELECT COUNT(*) AS col_0_0_ FROM users user0_","532,555"
126,"INSERT INTO users (create_time, deleted, update_time, avatar, description 	, email, expire_time, nickname, password, username) VALUES (%s, %s, %s, %s, %s 	, %s, %s, %s, %s, %s)","533,556"
127,"SELECT post0_.id AS col_0_0_ FROM posts post0_ WHERE post0_.type = %s 	AND post0_.url = %s LIMIT 1","537,560,1488,1497,1577"
128,"SELECT COUNT(*) AS col_0_0_ FROM menus menu0_","541,564"
129,"SELECT menu0_.id AS col_0_0_ FROM menus menu0_ WHERE menu0_.name = %s LIMIT 1","542,544,565,567,769,773"
130,"INSERT INTO menus (create_time, deleted, update_time, icon, name 	, parent_id, priority, target, team, url) VALUES (%s, %s, %s, %s, %s 	, %s, %s, %s, %s, %s)","543,545,566,568,770"
131,"SELECT menu0_.id AS id1_6_, menu0_.create_time AS create_t2_6_, menu0_.deleted AS deleted3_6_, menu0_.update_time AS update_t4_6_, menu0_.icon AS icon5_6_ 	, menu0_.name AS name6_6_, menu0_.parent_id AS parent_i7_6_, menu0_.priority AS priority8_6_, menu0_.target AS target9_6_, menu0_.team AS team10_6_ 	, menu0_.url AS url11_6_ FROM menus menu0_ ORDER BY menu0_.create_time DESC","573"
132,"SELECT attachment0_.id AS id1_0_0_, attachment0_.create_time AS create_t2_0_0_, attachment0_.deleted AS deleted3_0_0_, attachment0_.update_time AS update_t4_0_0_, attachment0_.file_key AS file_key5_0_0_ 	, attachment0_.height AS height6_0_0_, attachment0_.media_type AS media_ty7_0_0_, attachment0_.name AS name8_0_0_, attachment0_.path AS path9_0_0_, attachment0_.size AS size10_0_0_ 	, attachment0_.suffix AS suffix11_0_0_, attachment0_.thumb_path AS thumb_p12_0_0_, attachment0_.type AS type13_0_0_, attachment0_.width AS width14_0_0_ FROM attachments attachment0_ WHERE attachment0_.id = %s","601,602,1721,1722"
133,"DELETE FROM attachments WHERE id = %s","603"
134,"UPDATE theme_settings SET create_time = %s, deleted = %s, update_time = %s, setting_key = %s, theme_id = %s, setting_value = %s WHERE id = %s","647,650,652,654,657"
135,"DELETE FROM journals WHERE id = %s","666"
136,"SELECT COUNT(post0_.id) AS col_0_0_ FROM posts post0_ WHERE post0_.type = %s 	AND post0_.status = %s 	AND post0_.create_time > %s","705,716,730,743,758,1093,1425,1731,1745"
137,"SELECT link0_.id AS id1_4_, link0_.create_time AS create_t2_4_, link0_.deleted AS deleted3_4_, link0_.update_time AS update_t4_4_, link0_.description AS descript5_4_ 	, link0_.logo AS logo6_4_, link0_.name AS name7_4_, link0_.priority AS priority8_4_, link0_.team AS team9_4_, link0_.url AS url10_4_ FROM links link0_","774,792,793"
138,"SELECT COUNT(attachment0_.id) AS col_0_0_ FROM attachments attachment0_ WHERE attachment0_.path = %s","803"
139,"INSERT INTO attachments (create_time, deleted, update_time, file_key, height 	, media_type, name, path, size, suffix 	, thumb_path, type, width) VALUES (%s, %s, %s, %s, %s 	, %s, %s, %s, %s, %s 	, %s, %s, %s)","804"
140,"UPDATE posts SET likes = likes + 1 WHERE id = %s","806"
141,"SELECT journalcom0_.id AS id2_2_, journalcom0_.create_time AS create_t3_2_, journalcom0_.deleted AS deleted4_2_, journalcom0_.update_time AS update_t5_2_, journalcom0_.author AS author6_2_ 	, journalcom0_.author_url AS author_u7_2_, journalcom0_.content AS content8_2_, journalcom0_.email AS email9_2_, journalcom0_.gravatar_md5 AS gravata10_2_, journalcom0_.ip_address AS ip_addr11_2_ 	, journalcom0_.is_admin AS is_admi12_2_, journalcom0_.parent_id AS parent_13_2_, journalcom0_.post_id AS post_id14_2_, journalcom0_.status AS status15_2_, journalcom0_.top_priority AS top_pri16_2_ 	, journalcom0_.user_agent AS user_ag17_2_ FROM comments journalcom0_ WHERE journalcom0_.type = %s 	AND journalcom0_.post_id = %s 	AND journalcom0_.status = %s ORDER BY journalcom0_.create_time DESC LIMIT 10","893"
142,"SELECT journalcom0_.id AS id2_2_, journalcom0_.create_time AS create_t3_2_, journalcom0_.deleted AS deleted4_2_, journalcom0_.update_time AS update_t5_2_, journalcom0_.author AS author6_2_ 	, journalcom0_.author_url AS author_u7_2_, journalcom0_.content AS content8_2_, journalcom0_.email AS email9_2_, journalcom0_.gravatar_md5 AS gravata10_2_, journalcom0_.ip_address AS ip_addr11_2_ 	, journalcom0_.is_admin AS is_admi12_2_, journalcom0_.parent_id AS parent_13_2_, journalcom0_.post_id AS post_id14_2_, journalcom0_.status AS status15_2_, journalcom0_.top_priority AS top_pri16_2_ 	, journalcom0_.user_agent AS user_ag17_2_ FROM comments journalcom0_ WHERE journalcom0_.type = %s 	AND journalcom0_.id IN (%s) ORDER BY journalcom0_.create_time DESC","894"
143,"INSERT INTO photos (create_time, deleted, update_time, description, location 	, name, take_time, team, thumbnail, url) VALUES (%s, %s, %s, %s, %s 	, %s, %s, %s, %s, %s)","897"
144,"SELECT postcommen0_.id AS id2_2_, postcommen0_.create_time AS create_t3_2_, postcommen0_.deleted AS deleted4_2_, postcommen0_.update_time AS update_t5_2_, postcommen0_.author AS author6_2_ 	, postcommen0_.author_url AS author_u7_2_, postcommen0_.content AS content8_2_, postcommen0_.email AS email9_2_, postcommen0_.gravatar_md5 AS gravata10_2_, postcommen0_.ip_address AS ip_addr11_2_ 	, postcommen0_.is_admin AS is_admi12_2_, postcommen0_.parent_id AS parent_13_2_, postcommen0_.post_id AS post_id14_2_, postcommen0_.status AS status15_2_, postcommen0_.top_priority AS top_pri16_2_ 	, postcommen0_.user_agent AS user_ag17_2_ FROM comments postcommen0_ WHERE postcommen0_.type = %s 	AND 1 = 1 ORDER BY postcommen0_.update_time DESC LIMIT 10","931,939"
145,"SELECT postcommen0_.id AS id2_2_, postcommen0_.create_time AS create_t3_2_, postcommen0_.deleted AS deleted4_2_, postcommen0_.update_time AS update_t5_2_, postcommen0_.author AS author6_2_ 	, postcommen0_.author_url AS author_u7_2_, postcommen0_.content AS content8_2_, postcommen0_.email AS email9_2_, postcommen0_.gravatar_md5 AS gravata10_2_, postcommen0_.ip_address AS ip_addr11_2_ 	, postcommen0_.is_admin AS is_admi12_2_, postcommen0_.parent_id AS parent_13_2_, postcommen0_.post_id AS post_id14_2_, postcommen0_.status AS status15_2_, postcommen0_.top_priority AS top_pri16_2_ 	, postcommen0_.user_agent AS user_ag17_2_ FROM comments postcommen0_ WHERE postcommen0_.type = %s 	AND postcommen0_.status = %s ORDER BY postcommen0_.update_time DESC LIMIT 10","934"
146,"SELECT postcommen0_.id AS id2_2_, postcommen0_.create_time AS create_t3_2_, postcommen0_.deleted AS deleted4_2_, postcommen0_.update_time AS update_t5_2_, postcommen0_.author AS author6_2_ 	, postcommen0_.author_url AS author_u7_2_, postcommen0_.content AS content8_2_, postcommen0_.email AS email9_2_, postcommen0_.gravatar_md5 AS gravata10_2_, postcommen0_.ip_address AS ip_addr11_2_ 	, postcommen0_.is_admin AS is_admi12_2_, postcommen0_.parent_id AS parent_13_2_, postcommen0_.post_id AS post_id14_2_, postcommen0_.status AS status15_2_, postcommen0_.top_priority AS top_pri16_2_ 	, postcommen0_.user_agent AS user_ag17_2_ FROM comments postcommen0_ WHERE postcommen0_.type = %s 	AND (postcommen0_.author LIKE %s 		OR postcommen0_.content LIKE %s 		OR postcommen0_.email LIKE %s) ORDER BY postcommen0_.update_time DESC LIMIT 10","937"
147,"SELECT COUNT(postcommen0_.id) AS col_0_0_ FROM comments postcommen0_ WHERE postcommen0_.type = %s 	AND 1 = 1","940"
148,"SELECT journal0_.id AS id1_3_, journal0_.create_time AS create_t2_3_, journal0_.deleted AS deleted3_3_, journal0_.update_time AS update_t4_3_, journal0_.content AS content5_3_ 	, journal0_.likes AS likes6_3_, journal0_.type AS type7_3_ FROM journals journal0_ WHERE journal0_.type = %s ORDER BY journal0_.create_time DESC LIMIT 10","942,1683,1684,1709"
149,"SELECT COUNT(journalcom0_.id) AS col_0_0_, journalcom0_.post_id AS col_1_0_ FROM comments journalcom0_ WHERE journalcom0_.type = %s 	AND journalcom0_.post_id IN (%s) GROUP BY journalcom0_.post_id","943,1701,1704,1707,1710"
150,"SELECT sheet0_.id AS id2_12_, sheet0_.create_time AS create_t3_12_, sheet0_.deleted AS deleted4_12_, sheet0_.update_time AS update_t5_12_, sheet0_.create_from AS create_f6_12_ 	, sheet0_.disallow_comment AS disallow7_12_, sheet0_.edit_time AS edit_tim8_12_, sheet0_.format_content AS format_c9_12_, sheet0_.likes AS likes10_12_, sheet0_.original_content AS origina11_12_ 	, sheet0_.password AS passwor12_12_, sheet0_.status AS status13_12_, sheet0_.summary AS summary14_12_, sheet0_.template AS templat15_12_, sheet0_.thumbnail AS thumbna16_12_ 	, sheet0_.title AS title17_12_, sheet0_.top_priority AS top_pri18_12_, sheet0_.url AS url19_12_, sheet0_.visits AS visits20_12_ FROM posts sheet0_ WHERE sheet0_.type = %s 	AND sheet0_.status = %s ORDER BY sheet0_.create_time DESC LIMIT 10","946"
151,"SELECT category0_.id AS id1_1_, category0_.create_time AS create_t2_1_, category0_.deleted AS deleted3_1_, category0_.update_time AS update_t4_1_, category0_.description AS descript5_1_ 	, category0_.name AS name6_1_, category0_.parent_id AS parent_i7_1_, category0_.slug_name AS slug_nam8_1_ FROM categories category0_ ORDER BY category0_.update_time DESC","948,950,1516,1517"
152,"SELECT menu0_.id AS id1_6_, menu0_.create_time AS create_t2_6_, menu0_.deleted AS deleted3_6_, menu0_.update_time AS update_t4_6_, menu0_.icon AS icon5_6_ 	, menu0_.name AS name6_6_, menu0_.parent_id AS parent_i7_6_, menu0_.priority AS priority8_6_, menu0_.target AS target9_6_, menu0_.team AS team10_6_ 	, menu0_.url AS url11_6_ FROM menus menu0_ ORDER BY menu0_.priority ASC","958"
153,"SELECT post0_.id AS id2_12_, post0_.create_time AS create_t3_12_, post0_.deleted AS deleted4_12_, post0_.update_time AS update_t5_12_, post0_.create_from AS create_f6_12_ 	, post0_.disallow_comment AS disallow7_12_, post0_.edit_time AS edit_tim8_12_, post0_.format_content AS format_c9_12_, post0_.likes AS likes10_12_, post0_.original_content AS origina11_12_ 	, post0_.password AS passwor12_12_, post0_.status AS status13_12_, post0_.summary AS summary14_12_, post0_.template AS templat15_12_, post0_.thumbnail AS thumbna16_12_ 	, post0_.title AS title17_12_, post0_.top_priority AS top_pri18_12_, post0_.url AS url19_12_, post0_.visits AS visits20_12_ FROM posts post0_ WHERE post0_.type = %s 	AND post0_.status = %s ORDER BY post0_.create_time DESC","962,981,1297,1367"
154,"SELECT post0_.id AS id2_12_, post0_.create_time AS create_t3_12_, post0_.deleted AS deleted4_12_, post0_.update_time AS update_t5_12_, post0_.create_from AS create_f6_12_ 	, post0_.disallow_comment AS disallow7_12_, post0_.edit_time AS edit_tim8_12_, post0_.format_content AS format_c9_12_, post0_.likes AS likes10_12_, post0_.original_content AS origina11_12_ 	, post0_.password AS passwor12_12_, post0_.status AS status13_12_, post0_.summary AS summary14_12_, post0_.template AS templat15_12_, post0_.thumbnail AS thumbna16_12_ 	, post0_.title AS title17_12_, post0_.top_priority AS top_pri18_12_, post0_.url AS url19_12_, post0_.visits AS visits20_12_ FROM posts post0_ WHERE post0_.type = %s 	AND post0_.status = %s ORDER BY post0_.create_time DESC LIMIT 10","992,1203"
155,"DELETE FROM links WHERE id = %s","1001"
156,"SELECT post0_.id AS id2_12_, post0_.create_time AS create_t3_12_, post0_.deleted AS deleted4_12_, post0_.update_time AS update_t5_12_, post0_.create_from AS create_f6_12_ 	, post0_.disallow_comment AS disallow7_12_, post0_.edit_time AS edit_tim8_12_, post0_.format_content AS format_c9_12_, post0_.likes AS likes10_12_, post0_.original_content AS origina11_12_ 	, post0_.password AS passwor12_12_, post0_.status AS status13_12_, post0_.summary AS summary14_12_, post0_.template AS templat15_12_, post0_.thumbnail AS thumbna16_12_ 	, post0_.title AS title17_12_, post0_.top_priority AS top_pri18_12_, post0_.url AS url19_12_, post0_.visits AS visits20_12_ FROM posts post0_ WHERE post0_.type = %s 	AND post0_.status = %s ORDER BY post0_.create_time DESC LIMIT %s, 1","1002,1011,1020"
157,"SELECT sheetcomme0_.id AS id2_2_, sheetcomme0_.create_time AS create_t3_2_, sheetcomme0_.deleted AS deleted4_2_, sheetcomme0_.update_time AS update_t5_2_, sheetcomme0_.author AS author6_2_ 	, sheetcomme0_.author_url AS author_u7_2_, sheetcomme0_.content AS content8_2_, sheetcomme0_.email AS email9_2_, sheetcomme0_.gravatar_md5 AS gravata10_2_, sheetcomme0_.ip_address AS ip_addr11_2_ 	, sheetcomme0_.is_admin AS is_admi12_2_, sheetcomme0_.parent_id AS parent_13_2_, sheetcomme0_.post_id AS post_id14_2_, sheetcomme0_.status AS status15_2_, sheetcomme0_.top_priority AS top_pri16_2_ 	, sheetcomme0_.user_agent AS user_ag17_2_ FROM comments sheetcomme0_ WHERE sheetcomme0_.type = %s 	AND sheetcomme0_.post_id = %s 	AND sheetcomme0_.status = %s 	AND sheetcomme0_.parent_id = %s ORDER BY sheetcomme0_.create_time DESC LIMIT 10","1100,1124,1125"
158,"SELECT COUNT(tag0_.id) AS col_0_0_ FROM tags tag0_ WHERE tag0_.name = %s 	OR tag0_.slug_name = %s","1108"
159,"INSERT INTO tags (create_time, deleted, update_time, name, slug_name) VALUES (%s, %s, %s, %s, %s)","1109"
160,"SELECT journal0_.id AS id1_3_, journal0_.create_time AS create_t2_3_, journal0_.deleted AS deleted3_3_, journal0_.update_time AS update_t4_3_, journal0_.content AS content5_3_ 	, journal0_.likes AS likes6_3_, journal0_.type AS type7_3_ FROM journals journal0_ WHERE journal0_.type = %s ORDER BY journal0_.create_time DESC LIMIT %s, 1","1110"
161,"SELECT COUNT(journal0_.id) AS col_0_0_ FROM journals journal0_ WHERE journal0_.type = %s","1111,1128,1676,1678"
162,"SELECT postcommen0_.id AS id2_2_, postcommen0_.create_time AS create_t3_2_, postcommen0_.deleted AS deleted4_2_, postcommen0_.update_time AS update_t5_2_, postcommen0_.author AS author6_2_ 	, postcommen0_.author_url AS author_u7_2_, postcommen0_.content AS content8_2_, postcommen0_.email AS email9_2_, postcommen0_.gravatar_md5 AS gravata10_2_, postcommen0_.ip_address AS ip_addr11_2_ 	, postcommen0_.is_admin AS is_admi12_2_, postcommen0_.parent_id AS parent_13_2_, postcommen0_.post_id AS post_id14_2_, postcommen0_.status AS status15_2_, postcommen0_.top_priority AS top_pri16_2_ 	, postcommen0_.user_agent AS user_ag17_2_ FROM comments postcommen0_ WHERE postcommen0_.type = %s 	AND postcommen0_.post_id = %s 	AND postcommen0_.status = %s ORDER BY postcommen0_.create_time DESC LIMIT 10","1122"
163,"SELECT photo0_.id AS id1_9_, photo0_.create_time AS create_t2_9_, photo0_.deleted AS deleted3_9_, photo0_.update_time AS update_t4_9_, photo0_.description AS descript5_9_ 	, photo0_.location AS location6_9_, photo0_.name AS name7_9_, photo0_.take_time AS take_tim8_9_, photo0_.team AS team9_9_, photo0_.thumbnail AS thumbna10_9_ 	, photo0_.url AS url11_9_ FROM photos photo0_ ORDER BY photo0_.update_time DESC","1123"
164,"SELECT COUNT(sheetcomme0_.id) AS col_0_0_, sheetcomme0_.parent_id AS col_1_0_ FROM comments sheetcomme0_ WHERE sheetcomme0_.type = %s 	AND sheetcomme0_.parent_id IN (%s) GROUP BY sheetcomme0_.parent_id","1126"
165,"SELECT journal0_.id AS id1_3_, journal0_.create_time AS create_t2_3_, journal0_.deleted AS deleted3_3_, journal0_.update_time AS update_t4_3_, journal0_.content AS content5_3_ 	, journal0_.likes AS likes6_3_, journal0_.type AS type7_3_ FROM journals journal0_ WHERE journal0_.type = %s ORDER BY journal0_.create_time DESC LIMIT 1","1127,1675,1677"
166,"SELECT journalcom0_.id AS id2_2_0_, journalcom0_.create_time AS create_t3_2_0_, journalcom0_.deleted AS deleted4_2_0_, journalcom0_.update_time AS update_t5_2_0_, journalcom0_.author AS author6_2_0_ 	, journalcom0_.author_url AS author_u7_2_0_, journalcom0_.content AS content8_2_0_, journalcom0_.email AS email9_2_0_, journalcom0_.gravatar_md5 AS gravata10_2_0_, journalcom0_.ip_address AS ip_addr11_2_0_ 	, journalcom0_.is_admin AS is_admi12_2_0_, journalcom0_.parent_id AS parent_13_2_0_, journalcom0_.post_id AS post_id14_2_0_, journalcom0_.status AS status15_2_0_, journalcom0_.top_priority AS top_pri16_2_0_ 	, journalcom0_.user_agent AS user_ag17_2_0_ FROM comments journalcom0_ WHERE journalcom0_.id = %s 	AND journalcom0_.type = %s","1205,1673"
167,"SELECT sheet0_.id AS id2_12_, sheet0_.create_time AS create_t3_12_, sheet0_.deleted AS deleted4_12_, sheet0_.update_time AS update_t5_12_, sheet0_.create_from AS create_f6_12_ 	, sheet0_.disallow_comment AS disallow7_12_, sheet0_.edit_time AS edit_tim8_12_, sheet0_.format_content AS format_c9_12_, sheet0_.likes AS likes10_12_, sheet0_.original_content AS origina11_12_ 	, sheet0_.password AS passwor12_12_, sheet0_.status AS status13_12_, sheet0_.summary AS summary14_12_, sheet0_.template AS templat15_12_, sheet0_.thumbnail AS thumbna16_12_ 	, sheet0_.title AS title17_12_, sheet0_.top_priority AS top_pri18_12_, sheet0_.url AS url19_12_, sheet0_.visits AS visits20_12_ FROM posts sheet0_ WHERE sheet0_.type = %s 	AND sheet0_.url = %s 	AND sheet0_.status = %s","1207,1211,1212,1217,1582,1586,1590"
168,"SELECT sheetcomme0_.id AS id2_2_, sheetcomme0_.create_time AS create_t3_2_, sheetcomme0_.deleted AS deleted4_2_, sheetcomme0_.update_time AS update_t5_2_, sheetcomme0_.author AS author6_2_ 	, sheetcomme0_.author_url AS author_u7_2_, sheetcomme0_.content AS content8_2_, sheetcomme0_.email AS email9_2_, sheetcomme0_.gravatar_md5 AS gravata10_2_, sheetcomme0_.ip_address AS ip_addr11_2_ 	, sheetcomme0_.is_admin AS is_admi12_2_, sheetcomme0_.parent_id AS parent_13_2_, sheetcomme0_.post_id AS post_id14_2_, sheetcomme0_.status AS status15_2_, sheetcomme0_.top_priority AS top_pri16_2_ 	, sheetcomme0_.user_agent AS user_ag17_2_ FROM comments sheetcomme0_ WHERE sheetcomme0_.type = %s 	AND sheetcomme0_.post_id = %s 	AND sheetcomme0_.status = %s","1208,1213,1218,1353,1583,1587,1591"
169,"SELECT link0_.id AS id1_4_, link0_.create_time AS create_t2_4_, link0_.deleted AS deleted3_4_, link0_.update_time AS update_t4_4_, link0_.description AS descript5_4_ 	, link0_.logo AS logo6_4_, link0_.name AS name7_4_, link0_.priority AS priority8_4_, link0_.team AS team9_4_, link0_.url AS url10_4_ FROM links link0_ ORDER BY link0_.create_time DESC","1249"
170,"DELETE FROM photos WHERE id = %s","1252"
171,"SELECT link0_.id AS id1_4_, link0_.create_time AS create_t2_4_, link0_.deleted AS deleted3_4_, link0_.update_time AS update_t4_4_, link0_.description AS descript5_4_ 	, link0_.logo AS logo6_4_, link0_.name AS name7_4_, link0_.priority AS priority8_4_, link0_.team AS team9_4_, link0_.url AS url10_4_ FROM links link0_ ORDER BY link0_.priority ASC","1254"
172,"SELECT DISTINCT photo0_.team AS col_0_0_ FROM photos photo0_","1268"
173,"SELECT photo0_.id AS id1_9_, photo0_.create_time AS create_t2_9_, photo0_.deleted AS deleted3_9_, photo0_.update_time AS update_t4_9_, photo0_.description AS descript5_9_ 	, photo0_.location AS location6_9_, photo0_.name AS name7_9_, photo0_.take_time AS take_tim8_9_, photo0_.team AS team9_9_, photo0_.thumbnail AS thumbna10_9_ 	, photo0_.url AS url11_9_ FROM photos photo0_ WHERE 1 = 1 ORDER BY photo0_.update_time DESC LIMIT 18","1301"
174,"SELECT photo0_.id AS id1_9_, photo0_.create_time AS create_t2_9_, photo0_.deleted AS deleted3_9_, photo0_.update_time AS update_t4_9_, photo0_.description AS descript5_9_ 	, photo0_.location AS location6_9_, photo0_.name AS name7_9_, photo0_.take_time AS take_tim8_9_, photo0_.team AS team9_9_, photo0_.thumbnail AS thumbna10_9_ 	, photo0_.url AS url11_9_ FROM photos photo0_ WHERE photo0_.team = %s ORDER BY photo0_.update_time DESC LIMIT 18","1303"
175,"SELECT photo0_.id AS id1_9_, photo0_.create_time AS create_t2_9_, photo0_.deleted AS deleted3_9_, photo0_.update_time AS update_t4_9_, photo0_.description AS descript5_9_ 	, photo0_.location AS location6_9_, photo0_.name AS name7_9_, photo0_.take_time AS take_tim8_9_, photo0_.team AS team9_9_, photo0_.thumbnail AS thumbna10_9_ 	, photo0_.url AS url11_9_ FROM photos photo0_ WHERE photo0_.team = %s 	AND (photo0_.name LIKE %s 		OR photo0_.description LIKE %s 		OR photo0_.location LIKE %s) ORDER BY photo0_.update_time DESC LIMIT 18","1305"
176,"SELECT photo0_.id AS id1_9_, photo0_.create_time AS create_t2_9_, photo0_.deleted AS deleted3_9_, photo0_.update_time AS update_t4_9_, photo0_.description AS descript5_9_ 	, photo0_.location AS location6_9_, photo0_.name AS name7_9_, photo0_.take_time AS take_tim8_9_, photo0_.team AS team9_9_, photo0_.thumbnail AS thumbna10_9_ 	, photo0_.url AS url11_9_ FROM photos photo0_ WHERE photo0_.name LIKE %s 	OR photo0_.description LIKE %s 	OR photo0_.location LIKE %s ORDER BY photo0_.update_time DESC LIMIT 18","1307"
177,"SELECT sheetcomme0_.id AS id2_2_, sheetcomme0_.create_time AS create_t3_2_, sheetcomme0_.deleted AS deleted4_2_, sheetcomme0_.update_time AS update_t5_2_, sheetcomme0_.author AS author6_2_ 	, sheetcomme0_.author_url AS author_u7_2_, sheetcomme0_.content AS content8_2_, sheetcomme0_.email AS email9_2_, sheetcomme0_.gravatar_md5 AS gravata10_2_, sheetcomme0_.ip_address AS ip_addr11_2_ 	, sheetcomme0_.is_admin AS is_admi12_2_, sheetcomme0_.parent_id AS parent_13_2_, sheetcomme0_.post_id AS post_id14_2_, sheetcomme0_.status AS status15_2_, sheetcomme0_.top_priority AS top_pri16_2_ 	, sheetcomme0_.user_agent AS user_ag17_2_ FROM comments sheetcomme0_ WHERE sheetcomme0_.type = %s 	AND 1 = 1 ORDER BY sheetcomme0_.update_time DESC LIMIT 10","1310,1313"
178,"SELECT sheet0_.id AS id2_12_, sheet0_.create_time AS create_t3_12_, sheet0_.deleted AS deleted4_12_, sheet0_.update_time AS update_t5_12_, sheet0_.create_from AS create_f6_12_ 	, sheet0_.disallow_comment AS disallow7_12_, sheet0_.edit_time AS edit_tim8_12_, sheet0_.format_content AS format_c9_12_, sheet0_.likes AS likes10_12_, sheet0_.original_content AS origina11_12_ 	, sheet0_.password AS passwor12_12_, sheet0_.status AS status13_12_, sheet0_.summary AS summary14_12_, sheet0_.template AS templat15_12_, sheet0_.thumbnail AS thumbna16_12_ 	, sheet0_.title AS title17_12_, sheet0_.top_priority AS top_pri18_12_, sheet0_.url AS url19_12_, sheet0_.visits AS visits20_12_ FROM posts sheet0_ WHERE sheet0_.type = %s 	AND sheet0_.id IN (%s)","1311,1401"
179,"SELECT sheetcomme0_.id AS id2_2_, sheetcomme0_.create_time AS create_t3_2_, sheetcomme0_.deleted AS deleted4_2_, sheetcomme0_.update_time AS update_t5_2_, sheetcomme0_.author AS author6_2_ 	, sheetcomme0_.author_url AS author_u7_2_, sheetcomme0_.content AS content8_2_, sheetcomme0_.email AS email9_2_, sheetcomme0_.gravatar_md5 AS gravata10_2_, sheetcomme0_.ip_address AS ip_addr11_2_ 	, sheetcomme0_.is_admin AS is_admi12_2_, sheetcomme0_.parent_id AS parent_13_2_, sheetcomme0_.post_id AS post_id14_2_, sheetcomme0_.status AS status15_2_, sheetcomme0_.top_priority AS top_pri16_2_ 	, sheetcomme0_.user_agent AS user_ag17_2_ FROM comments sheetcomme0_ WHERE sheetcomme0_.type = %s 	AND sheetcomme0_.status = %s ORDER BY sheetcomme0_.update_time DESC LIMIT 10","1315"
180,"DELETE FROM post_tags WHERE id = %s","1359"
181,"DELETE FROM posts WHERE id = %s","1360,1696"
182,"SELECT sheet0_.id AS id2_12_, sheet0_.create_time AS create_t3_12_, sheet0_.deleted AS deleted4_12_, sheet0_.update_time AS update_t5_12_, sheet0_.create_from AS create_f6_12_ 	, sheet0_.disallow_comment AS disallow7_12_, sheet0_.edit_time AS edit_tim8_12_, sheet0_.format_content AS format_c9_12_, sheet0_.likes AS likes10_12_, sheet0_.original_content AS origina11_12_ 	, sheet0_.password AS passwor12_12_, sheet0_.status AS status13_12_, sheet0_.summary AS summary14_12_, sheet0_.template AS templat15_12_, sheet0_.thumbnail AS thumbna16_12_ 	, sheet0_.title AS title17_12_, sheet0_.top_priority AS top_pri18_12_, sheet0_.url AS url19_12_, sheet0_.visits AS visits20_12_ FROM posts sheet0_ WHERE sheet0_.type = %s ORDER BY sheet0_.create_time DESC LIMIT 10","1393,1395"
183,"SELECT COUNT(sheetcomme0_.id) AS col_0_0_, sheetcomme0_.post_id AS col_1_0_ FROM comments sheetcomme0_ WHERE sheetcomme0_.type = %s 	AND sheetcomme0_.post_id IN (%s) GROUP BY sheetcomme0_.post_id","1396"
184,"SELECT sheetcomme0_.id AS id2_2_, sheetcomme0_.create_time AS create_t3_2_, sheetcomme0_.deleted AS deleted4_2_, sheetcomme0_.update_time AS update_t5_2_, sheetcomme0_.author AS author6_2_ 	, sheetcomme0_.author_url AS author_u7_2_, sheetcomme0_.content AS content8_2_, sheetcomme0_.email AS email9_2_, sheetcomme0_.gravatar_md5 AS gravata10_2_, sheetcomme0_.ip_address AS ip_addr11_2_ 	, sheetcomme0_.is_admin AS is_admi12_2_, sheetcomme0_.parent_id AS parent_13_2_, sheetcomme0_.post_id AS post_id14_2_, sheetcomme0_.status AS status15_2_, sheetcomme0_.top_priority AS top_pri16_2_ 	, sheetcomme0_.user_agent AS user_ag17_2_ FROM comments sheetcomme0_ WHERE sheetcomme0_.type = %s 	AND sheetcomme0_.status = %s ORDER BY sheetcomme0_.create_time DESC LIMIT 5","1398,1400"
185,"SELECT sheetcomme0_.id AS id2_2_, sheetcomme0_.create_time AS create_t3_2_, sheetcomme0_.deleted AS deleted4_2_, sheetcomme0_.update_time AS update_t5_2_, sheetcomme0_.author AS author6_2_ 	, sheetcomme0_.author_url AS author_u7_2_, sheetcomme0_.content AS content8_2_, sheetcomme0_.email AS email9_2_, sheetcomme0_.gravatar_md5 AS gravata10_2_, sheetcomme0_.ip_address AS ip_addr11_2_ 	, sheetcomme0_.is_admin AS is_admi12_2_, sheetcomme0_.parent_id AS parent_13_2_, sheetcomme0_.post_id AS post_id14_2_, sheetcomme0_.status AS status15_2_, sheetcomme0_.top_priority AS top_pri16_2_ 	, sheetcomme0_.user_agent AS user_ag17_2_ FROM comments sheetcomme0_ WHERE sheetcomme0_.type = %s 	AND sheetcomme0_.post_id = %s 	AND sheetcomme0_.status = %s ORDER BY sheetcomme0_.create_time DESC LIMIT 10","1402"
186,"SELECT sheetcomme0_.id AS id2_2_, sheetcomme0_.create_time AS create_t3_2_, sheetcomme0_.deleted AS deleted4_2_, sheetcomme0_.update_time AS update_t5_2_, sheetcomme0_.author AS author6_2_ 	, sheetcomme0_.author_url AS author_u7_2_, sheetcomme0_.content AS content8_2_, sheetcomme0_.email AS email9_2_, sheetcomme0_.gravatar_md5 AS gravata10_2_, sheetcomme0_.ip_address AS ip_addr11_2_ 	, sheetcomme0_.is_admin AS is_admi12_2_, sheetcomme0_.parent_id AS parent_13_2_, sheetcomme0_.post_id AS post_id14_2_, sheetcomme0_.status AS status15_2_, sheetcomme0_.top_priority AS top_pri16_2_ 	, sheetcomme0_.user_agent AS user_ag17_2_ FROM comments sheetcomme0_ WHERE sheetcomme0_.type = %s 	AND sheetcomme0_.id IN (%s) ORDER BY sheetcomme0_.create_time DESC","1403"
187,"SELECT photo0_.id AS id1_9_, photo0_.create_time AS create_t2_9_, photo0_.deleted AS deleted3_9_, photo0_.update_time AS update_t4_9_, photo0_.description AS descript5_9_ 	, photo0_.location AS location6_9_, photo0_.name AS name7_9_, photo0_.take_time AS take_tim8_9_, photo0_.team AS team9_9_, photo0_.thumbnail AS thumbna10_9_ 	, photo0_.url AS url11_9_ FROM photos photo0_","1407,1412"
188,"SELECT post0_.id AS id2_12_, post0_.create_time AS create_t3_12_, post0_.deleted AS deleted4_12_, post0_.update_time AS update_t5_12_, post0_.create_from AS create_f6_12_ 	, post0_.disallow_comment AS disallow7_12_, post0_.edit_time AS edit_tim8_12_, post0_.format_content AS format_c9_12_, post0_.likes AS likes10_12_, post0_.original_content AS origina11_12_ 	, post0_.password AS passwor12_12_, post0_.status AS status13_12_, post0_.summary AS summary14_12_, post0_.template AS templat15_12_, post0_.thumbnail AS thumbna16_12_ 	, post0_.title AS title17_12_, post0_.top_priority AS top_pri18_12_, post0_.url AS url19_12_, post0_.visits AS visits20_12_ FROM posts post0_ WHERE post0_.type = %s 	AND post0_.status = %s ORDER BY post0_.create_time DESC LIMIT 2000","1413"
189,"SELECT post0_.id AS id2_12_, post0_.create_time AS create_t3_12_, post0_.deleted AS deleted4_12_, post0_.update_time AS update_t5_12_, post0_.create_from AS create_f6_12_ 	, post0_.disallow_comment AS disallow7_12_, post0_.edit_time AS edit_tim8_12_, post0_.format_content AS format_c9_12_, post0_.likes AS likes10_12_, post0_.original_content AS origina11_12_ 	, post0_.password AS passwor12_12_, post0_.status AS status13_12_, post0_.summary AS summary14_12_, post0_.template AS templat15_12_, post0_.thumbnail AS thumbna16_12_ 	, post0_.title AS title17_12_, post0_.top_priority AS top_pri18_12_, post0_.url AS url19_12_, post0_.visits AS visits20_12_ FROM posts post0_ WHERE post0_.type = %s ORDER BY post0_.create_time DESC LIMIT 5","1436,1438"
190,"SELECT COUNT(post0_.id) AS col_0_0_ FROM posts post0_ WHERE post0_.type = %s","1439"
191,"SELECT post0_.id AS id2_12_, post0_.create_time AS create_t3_12_, post0_.deleted AS deleted4_12_, post0_.update_time AS update_t5_12_, post0_.create_from AS create_f6_12_ 	, post0_.disallow_comment AS disallow7_12_, post0_.edit_time AS edit_tim8_12_, post0_.format_content AS format_c9_12_, post0_.likes AS likes10_12_, post0_.original_content AS origina11_12_ 	, post0_.password AS passwor12_12_, post0_.status AS status13_12_, post0_.summary AS summary14_12_, post0_.template AS templat15_12_, post0_.thumbnail AS thumbna16_12_ 	, post0_.title AS title17_12_, post0_.top_priority AS top_pri18_12_, post0_.url AS url19_12_, post0_.visits AS visits20_12_ FROM posts post0_ WHERE post0_.type = %s 	AND 1 = 1 ORDER BY post0_.top_priority DESC, post0_.create_time DESC LIMIT 10","1441,1446,1452,1454,1467,1473,1480"
192,"SELECT post0_.id AS id2_12_, post0_.create_time AS create_t3_12_, post0_.deleted AS deleted4_12_, post0_.update_time AS update_t5_12_, post0_.create_from AS create_f6_12_ 	, post0_.disallow_comment AS disallow7_12_, post0_.edit_time AS edit_tim8_12_, post0_.format_content AS format_c9_12_, post0_.likes AS likes10_12_, post0_.original_content AS origina11_12_ 	, post0_.password AS passwor12_12_, post0_.status AS status13_12_, post0_.summary AS summary14_12_, post0_.template AS templat15_12_, post0_.thumbnail AS thumbna16_12_ 	, post0_.title AS title17_12_, post0_.top_priority AS top_pri18_12_, post0_.url AS url19_12_, post0_.visits AS visits20_12_ FROM posts post0_ WHERE post0_.type = %s 	AND post0_.status = %s ORDER BY post0_.top_priority DESC, post0_.create_time DESC LIMIT 10","1460,1594,1656,1661"
193,"SELECT post0_.id AS id2_12_, post0_.create_time AS create_t3_12_, post0_.deleted AS deleted4_12_, post0_.update_time AS update_t5_12_, post0_.create_from AS create_f6_12_ 	, post0_.disallow_comment AS disallow7_12_, post0_.edit_time AS edit_tim8_12_, post0_.format_content AS format_c9_12_, post0_.likes AS likes10_12_, post0_.original_content AS origina11_12_ 	, post0_.password AS passwor12_12_, post0_.status AS status13_12_, post0_.summary AS summary14_12_, post0_.template AS templat15_12_, post0_.thumbnail AS thumbna16_12_ 	, post0_.title AS title17_12_, post0_.top_priority AS top_pri18_12_, post0_.url AS url19_12_, post0_.visits AS visits20_12_ FROM posts post0_ WHERE post0_.type = %s 	AND post0_.status = %s 	AND EXISTS ( 		SELECT postcatego1_.post_id 		FROM post_categories postcatego1_ 		WHERE post0_.id = postcatego1_.post_id 			AND postcatego1_.category_id = %s 	) ORDER BY post0_.top_priority DESC, post0_.create_time DESC LIMIT 10","1465"
194,"SELECT COUNT(post0_.id) AS col_0_0_ FROM posts post0_ WHERE post0_.type = %s 	AND 1 = 1","1468,1474,1481"
195,"SELECT postcommen0_.id AS id2_2_, postcommen0_.create_time AS create_t3_2_, postcommen0_.deleted AS deleted4_2_, postcommen0_.update_time AS update_t5_2_, postcommen0_.author AS author6_2_ 	, postcommen0_.author_url AS author_u7_2_, postcommen0_.content AS content8_2_, postcommen0_.email AS email9_2_, postcommen0_.gravatar_md5 AS gravata10_2_, postcommen0_.ip_address AS ip_addr11_2_ 	, postcommen0_.is_admin AS is_admi12_2_, postcommen0_.parent_id AS parent_13_2_, postcommen0_.post_id AS post_id14_2_, postcommen0_.status AS status15_2_, postcommen0_.top_priority AS top_pri16_2_ 	, postcommen0_.user_agent AS user_ag17_2_ FROM comments postcommen0_ WHERE postcommen0_.type = %s 	AND postcommen0_.post_id = %s 	AND postcommen0_.status = %s 	AND postcommen0_.parent_id = %s","1504"
196,"SELECT postcommen0_.id AS id2_2_, postcommen0_.create_time AS create_t3_2_, postcommen0_.deleted AS deleted4_2_, postcommen0_.update_time AS update_t5_2_, postcommen0_.author AS author6_2_ 	, postcommen0_.author_url AS author_u7_2_, postcommen0_.content AS content8_2_, postcommen0_.email AS email9_2_, postcommen0_.gravatar_md5 AS gravata10_2_, postcommen0_.ip_address AS ip_addr11_2_ 	, postcommen0_.is_admin AS is_admi12_2_, postcommen0_.parent_id AS parent_13_2_, postcommen0_.post_id AS post_id14_2_, postcommen0_.status AS status15_2_, postcommen0_.top_priority AS top_pri16_2_ 	, postcommen0_.user_agent AS user_ag17_2_ FROM comments postcommen0_ WHERE postcommen0_.type = %s 	AND postcommen0_.status = %s 	AND postcommen0_.parent_id IN (%s)","1505,1506,1507,1508,1509,1510,1511,1512,1513,1514"
197,"SELECT post0_.id AS id2_12_, post0_.create_time AS create_t3_12_, post0_.deleted AS deleted4_12_, post0_.update_time AS update_t5_12_, post0_.create_from AS create_f6_12_ 	, post0_.disallow_comment AS disallow7_12_, post0_.edit_time AS edit_tim8_12_, post0_.format_content AS format_c9_12_, post0_.likes AS likes10_12_, post0_.original_content AS origina11_12_ 	, post0_.password AS passwor12_12_, post0_.status AS status13_12_, post0_.summary AS summary14_12_, post0_.template AS templat15_12_, post0_.thumbnail AS thumbna16_12_ 	, post0_.title AS title17_12_, post0_.top_priority AS top_pri18_12_, post0_.url AS url19_12_, post0_.visits AS visits20_12_ FROM posts post0_ WHERE post0_.type = %s 	AND post0_.status = %s 	AND (post0_.title LIKE %s 		OR post0_.original_content LIKE %s) ORDER BY post0_.create_time DESC LIMIT 10","1515"
198,"SELECT post0_.id AS id2_12_, post0_.create_time AS create_t3_12_, post0_.deleted AS deleted4_12_, post0_.update_time AS update_t5_12_, post0_.create_from AS create_f6_12_ 	, post0_.disallow_comment AS disallow7_12_, post0_.edit_time AS edit_tim8_12_, post0_.format_content AS format_c9_12_, post0_.likes AS likes10_12_, post0_.original_content AS origina11_12_ 	, post0_.password AS passwor12_12_, post0_.status AS status13_12_, post0_.summary AS summary14_12_, post0_.template AS templat15_12_, post0_.thumbnail AS thumbna16_12_ 	, post0_.title AS title17_12_, post0_.top_priority AS top_pri18_12_, post0_.url AS url19_12_, post0_.visits AS visits20_12_ FROM posts post0_ WHERE post0_.type = %s 	AND post0_.status = %s 	AND (post0_.title LIKE %s 		OR post0_.original_content LIKE %s) ORDER BY post0_.create_time DESC LIMIT 1","1521,1532"
199,"SELECT post0_.id AS id2_12_, post0_.create_time AS create_t3_12_, post0_.deleted AS deleted4_12_, post0_.update_time AS update_t5_12_, post0_.create_from AS create_f6_12_ 	, post0_.disallow_comment AS disallow7_12_, post0_.edit_time AS edit_tim8_12_, post0_.format_content AS format_c9_12_, post0_.likes AS likes10_12_, post0_.original_content AS origina11_12_ 	, post0_.password AS passwor12_12_, post0_.status AS status13_12_, post0_.summary AS summary14_12_, post0_.template AS templat15_12_, post0_.thumbnail AS thumbna16_12_ 	, post0_.title AS title17_12_, post0_.top_priority AS top_pri18_12_, post0_.url AS url19_12_, post0_.visits AS visits20_12_ FROM posts post0_ WHERE post0_.type = %s 	AND post0_.status = %s ORDER BY post0_.top_priority DESC, post0_.create_time DESC LIMIT 1","1596,1598,1601,1607,1613,1620,1627,1639"
200,"SELECT journal0_.id AS id1_3_, journal0_.create_time AS create_t2_3_, journal0_.deleted AS deleted3_3_, journal0_.update_time AS update_t4_3_, journal0_.content AS content5_3_ 	, journal0_.likes AS likes6_3_, journal0_.type AS type7_3_ FROM journals journal0_ WHERE 1 = 1 ORDER BY journal0_.create_time DESC LIMIT 10","1698,1700"
201,"SELECT journal0_.id AS id1_3_, journal0_.create_time AS create_t2_3_, journal0_.deleted AS deleted3_3_, journal0_.update_time AS update_t4_3_, journal0_.content AS content5_3_ 	, journal0_.likes AS likes6_3_, journal0_.type AS type7_3_ FROM journals journal0_ WHERE journal0_.content LIKE %s ORDER BY journal0_.create_time DESC LIMIT 10","1703"
202,"SELECT journal0_.id AS id1_3_, journal0_.create_time AS create_t2_3_, journal0_.deleted AS deleted3_3_, journal0_.update_time AS update_t4_3_, journal0_.content AS content5_3_ 	, journal0_.likes AS likes6_3_, journal0_.type AS type7_3_ FROM journals journal0_ WHERE journal0_.type = %s 	AND journal0_.content LIKE %s ORDER BY journal0_.create_time DESC LIMIT 10","1706"
203,"SELECT COUNT(postcommen0_.id) AS col_0_0_, postcommen0_.parent_id AS col_1_0_ FROM comments postcommen0_ WHERE postcommen0_.type = %s 	AND postcommen0_.parent_id IN (%s) GROUP BY postcommen0_.parent_id","1713,1716,1719"
204,"SELECT COUNT(postcommen0_.id) AS col_0_0_ FROM comments postcommen0_ WHERE postcommen0_.type = %s 	AND postcommen0_.post_id = %s 	AND postcommen0_.status = %s 	AND postcommen0_.parent_id = %s","1715,1718"
205,"SELECT postcommen0_.id AS id2_2_, postcommen0_.create_time AS create_t3_2_, postcommen0_.deleted AS deleted4_2_, postcommen0_.update_time AS update_t5_2_, postcommen0_.author AS author6_2_ 	, postcommen0_.author_url AS author_u7_2_, postcommen0_.content AS content8_2_, postcommen0_.email AS email9_2_, postcommen0_.gravatar_md5 AS gravata10_2_, postcommen0_.ip_address AS ip_addr11_2_ 	, postcommen0_.is_admin AS is_admi12_2_, postcommen0_.parent_id AS parent_13_2_, postcommen0_.post_id AS post_id14_2_, postcommen0_.status AS status15_2_, postcommen0_.top_priority AS top_pri16_2_ 	, postcommen0_.user_agent AS user_ag17_2_ FROM comments postcommen0_ WHERE postcommen0_.type = %s 	AND postcommen0_.post_id = %s 	AND postcommen0_.status = %s 	AND postcommen0_.parent_id = %s ORDER BY postcommen0_.create_time DESC LIMIT %s, 2","1717"
206,"UPDATE attachments SET create_time = %s, deleted = %s, update_time = %s, file_key = %s, height = %s, media_type = %s, name = %s, path = %s, size = %s, suffix = %s, thumb_path = %s, type = %s, width = %s WHERE id = %s","1723"
207,"INSERT INTO journals (create_time, deleted, update_time, content, likes 	, type) VALUES (%s, %s, %s, %s, %s 	, %s)","1725"
208,"SELECT log0_.id AS id1_5_, log0_.create_time AS create_t2_5_, log0_.deleted AS deleted3_5_, log0_.update_time AS update_t4_5_, log0_.content AS content5_5_ 	, log0_.ip_address AS ip_addre6_5_, log0_.log_key AS log_key7_5_, log0_.type AS type8_5_ FROM logs log0_ ORDER BY log0_.update_time DESC LIMIT 50","1759"
